stt,product_id,product_name,brand,origin,category,subcategory,price_tier,price_min,price_max,price_raw,key_actives,formulation_source_type,formulation_source_url,manufacturer_claim,clinical_evidence,verified_source_tier,verification_date,data_confidence,evidence_level,irritation_risk,barrier_support,inci_breakdown,mechanism_of_action,comedogenic_index,barrier_tolerance
1,BIODERMA_SENSIBIO_H2O,Nước Tẩy Trang Bioderma Sensibio H2O (Nắp Hồng),Bioderma,Pháp,Cleanser,Micellar Water,Dermocosmetics,170000,358000,358.000 VNĐ (500ml) / 170.000 VNĐ (100ml),Hạt Micelles (PEG-6 Caprylic/Capric Glycerides) (UNKNOWN); Phức hợp D.A.F. (Dermatological Advanced Formulation) (UNKNOWN); Chiết xuất dưa leo (Cucumis Sativus Fruit Extract) (UNKNOWN),retail_listing,https://hasaki.vn/san-pham/nuoc-tay-trang-bioderma-danh-cho-da-nhay-cam-500ml-9740.html,"Loại bỏ 99% lớp trang điểm, 98% bụi siêu mịn PM2.5 và 78% kim loại nặng; không cần rửa lại",,3,2026-08-19,Low,Clinical Study (In Vivo 10-33 subjects reported in raw data),Low,Medium,Hệ nền: Micellar Water | Hoạt chất chính: Hạt Micelles (PEG-6 Caprylic/Capric Glycerides) (UNKNOWN); Phức hợp D.A.F. (Dermatological Advanced Formulation) (UNKNOWN); Chiết xuất dưa leo (Cucumis Sativus Fruit Extract) (UNKNOWN),"Tác động lâm sàng: Loại bỏ 99% lớp trang điểm, 98% bụi siêu mịn PM2.5 và 78% kim loại nặng; không cần rửa lại",1,Cao (Tương thích sinh học)
2,BIODERMA_SEBIUM_H2O,Nước Tẩy Trang Bioderma Sébium H2O (Nắp Xanh Lá),Bioderma,Pháp,Cleanser,Micellar Water,Dermocosmetics,165000,352000,352.000 VNĐ (500ml) / 165.000 VNĐ (100ml),Phức hợp điều hòa bã nhờn Fluidactiv® (UNKNOWN); Kẽm Gluconate (Zinc Gluconate) (UNKNOWN); Đồng Sulfate (Copper Sulfate) (UNKNOWN); Chiết xuất lá bạch quả (Ginkgo Biloba Leaf Extract) (UNKNOWN),retail_listing,https://hasaki.vn/san-pham/nuoc-tay-trang-bioderma-danh-cho-da-dau-hon-hop-500ml-11089.html,"Làm sạch mà không làm khô da (95%), thanh lọc da tinh khiết (95%), loại bỏ 93% vi hạt trên da",,3,2026-08-19,Low,Clinical Study (In Vivo 20-33 volunteers reported in raw data),Low,Low,Hệ nền: Micellar Water | Hoạt chất chính: Phức hợp điều hòa bã nhờn Fluidactiv® (UNKNOWN); Kẽm Gluconate (Zinc Gluconate) (UNKNOWN); Đồng Sulfate (Copper Sulfate) (UNKNOWN); Chiết xuất lá bạch quả (Ginkgo Biloba Leaf Extract) (UNKNOWN),"Tác động lâm sàng: Làm sạch mà không làm khô da (95%), thanh lọc da tinh khiết (95%), loại bỏ 93% vi hạt trên da",1,Cao (Tương thích sinh học)
3,LOREAL_MICELLAR_3IN1_DEEP_CLEANSING,Nước Tẩy Trang L'Oréal Paris Micellar Water 3-in-1 Deep Cleansing,L'Oréal Paris,Pháp,Cleanser,Bi-Phase Cleanser,Drugstore,143000,167000,167.000 VNĐ (400ml) / 143.000 VNĐ (Bản Tươi Mát 400ml),Bi-Phase Micellar Technology (Lớp dầu làm sạch + Lớp nước Micellar) (UNKNOWN); Nước khoáng tự nhiên Vosges (UNKNOWN); Glycerin (UNKNOWN),retail_listing,https://hasaki.vn/san-pham/nuoc-tay-trang-l-oreal-lam-sach-sau-trang-diem-400ml-74351.html,Làm sạch sâu lớp trang điểm cứng đầu và chống trôi không nhờn dính,,3,2026-08-19,Low,Manufacturer Claim / Consumer Product Testing,Low,Low,Hệ nền: Bi-Phase Cleanser | Hoạt chất chính: Bi-Phase Micellar Technology (Lớp dầu làm sạch + Lớp nước Micellar) (UNKNOWN); Nước khoáng tự nhiên Vosges (UNKNOWN); Glycerin (UNKNOWN),Tác động lâm sàng: Làm sạch sâu lớp trang điểm cứng đầu và chống trôi không nhờn dính,0,Cao (Tương thích sinh học)
4,BANILA_CO_CLEAN_IT_ZERO_BALM,Sáp Tẩy Trang Banila Co Clean It Zero Cleansing Balm Original,Banila Co,Hàn Quốc,Cleanser,Cleansing Balm,Dermocosmetics,320000,450000,320.000 VNĐ (100ml) / 450.000 VNĐ (180ml),Zero Balance Technology (Phức hợp làm sạch nhũ hóa) (UNKNOWN); Chiết xuất quả sơ-ri Acerola (Malpighia Glabra Fruit Extract) (UNKNOWN); Onsen-Water (Nước khoáng nhiệt) (UNKNOWN),retail_listing,https://hasaki.vn/san-pham/sap-tay-trang-banila-co-clean-it-zero-cleansing-balm-original-100ml-93810.html,"Bán chạy số 1 Hàn Quốc, tẩy sạch lớp trang điểm chống trôi mà không để lại cặn nhờn",,3,2026-08-19,Low,Manufacturer Claim / Global Consumer Testing,Low,Medium,Hệ nền: Cleansing Balm | Hoạt chất chính: Zero Balance Technology (Phức hợp làm sạch nhũ hóa) (UNKNOWN); Chiết xuất quả sơ-ri Acerola (Malpighia Glabra Fruit Extract) (UNKNOWN); Onsen-Water (Nước khoáng nhiệt) (UNKNOWN),"Tác động lâm sàng: Bán chạy số 1 Hàn Quốc, tẩy sạch lớp trang điểm chống trôi mà không để lại cặn nhờn",1,Cao (Tương thích sinh học)
5,LAROCHEPOSAY_EFFACLAR_FOAMING_GEL,Gel Rửa Mặt La Roche-Posay Effaclar Purifying Foaming Gel,La Roche-Posay,Pháp,Cleanser,Foaming Gel Cleanser,Dermocosmetics,280000,421000,421.000 VNĐ (400ml) / 280.000 VNĐ (200ml),Nước khoáng nhiệt La Roche-Posay (Thermal Spring Water) (UNKNOWN); Kẽm PCA (Zinc PCA) (UNKNOWN); Coco-Betaine surfactant (UNKNOWN),retail_listing,https://hasaki.vn/san-pham/gel-rua-mat-la-roche-posay-cho-da-dau-nhay-cam-400ml-68810.html,"Công thức oil-free, không xà phòng, không cồn, kiểm soát bóng nhờn và giảm mụn đầu đen",,3,2026-08-19,Low,Dermatological Testing / OTC Monograph,Low,Medium,Hệ nền: Foaming Gel Cleanser | Hoạt chất chính: Nước khoáng nhiệt La Roche-Posay (Thermal Spring Water) (UNKNOWN); Kẽm PCA (Zinc PCA) (UNKNOWN); Coco-Betaine surfactant (UNKNOWN),"Tác động lâm sàng: Công thức oil-free, không xà phòng, không cồn, kiểm soát bóng nhờn và giảm mụn đầu đen",0,Cao (Tương thích sinh học)
6,CERAVE_FOAMING_FACIAL_CLEANSER,Sữa Rửa Mặt CeraVe Foaming Facial Cleanser For Normal To Oily Skin,CeraVe,Mỹ,Cleanser,Foaming Gel Cleanser,Dermocosmetics,240000,340000,340.000 VNĐ (473ml) / 240.000 VNĐ (236ml),Ceramide NP (Ceramide 3) (UNKNOWN); Ceramide AP (Ceramide 6-II) (UNKNOWN); Ceramide EOP (Ceramide 1) (UNKNOWN); Niacinamide (Vitamin B3) (UNKNOWN); Hyaluronic Acid (UNKNOWN),retail_listing,https://hasaki.vn/san-pham/sua-rua-mat-cerave-sach-sau-cho-da-thuong-den-da-dau-473ml-93466.html,"Phát triển cùng bác sĩ da liễu, phục hồi màng bảo vệ tự nhiên với 3 Ceramide thiết yếu",,3,2026-08-19,Low,Dermatological Formulation / Clinical Testing,Low,High,Hệ nền: Foaming Gel Cleanser | Hoạt chất chính: Ceramide NP (Ceramide 3) (UNKNOWN); Ceramide AP (Ceramide 6-II) (UNKNOWN); Ceramide EOP (Ceramide 1) (UNKNOWN); Niacinamide (Vitamin B3) (UNKNOWN); Hyaluronic Acid (UNKNOWN),"Tác động lâm sàng: Phát triển cùng bác sĩ da liễu, phục hồi màng bảo vệ tự nhiên với 3 Ceramide thiết yếu",1,Cao (Tương thích sinh học)
7,COSRX_LOW_PH_GOOD_MORNING_CLEANSER,Gel Rửa Mặt Cosrx Low pH Good Morning Gel Cleanser,Cosrx,Hàn Quốc,Cleanser,Low pH Gel Cleanser,Drugstore,135000,135000,135.000 VNĐ (150ml),Betaine Salicylate (BHA tự nhiên) (0.5%); Tinh dầu tràm trà (Melaleuca Alternifolia Leaf Oil) (UNKNOWN); Allantoin (UNKNOWN),retail_listing,https://hasaki.vn/san-pham/gel-rua-mat-cosrx-tram-tra-0-5-bha-co-do-ph-thap-150ml-96523.html,"Độ pH chuẩn 4.5-5.5, không cồn, không sulfate, không paraben",,2,2026-08-19,Medium,Manufacturer Claim / OTC Formulation,Low,Medium,Hệ nền: Low pH Gel Cleanser | Hoạt chất chính: Betaine Salicylate (BHA tự nhiên) (0.5%); Tinh dầu tràm trà (Melaleuca Alternifolia Leaf Oil) (UNKNOWN); Allantoin (UNKNOWN),"Tác động lâm sàng: Độ pH chuẩn 4.5-5.5, không cồn, không sulfate, không paraben",0,Cao (Tương thích sinh học)
8,CETAPHIL_GENTLE_SKIN_CLEANSER,Sữa Rửa Mặt Cetaphil Gentle Skin Cleanser,Cetaphil / Galderma,Canada,Cleanser,Gentle Non-Foaming Cleanser,Dermocosmetics,165000,290000,290.000 VNĐ (500ml) / 165.000 VNĐ (125ml),Niacinamide (Vitamin B3) (UNKNOWN); Panthenol (Pro-Vitamin B5) (UNKNOWN); Glycerin (UNKNOWN),retail_listing,https://hasaki.vn/san-pham/sua-rua-mat-cetaphil-diu-lanh-cho-da-nhay-cam-500ml-105151.html,"Bảo vệ chống lại 5 dấu hiệu nhạy cảm, công thức không bọt không xà phòng được kiểm nghiệm da liễu",,3,2026-08-19,Low,Clinical Dermatological Testing,Low,High,Hệ nền: Gentle Non-Foaming Cleanser | Hoạt chất chính: Niacinamide (Vitamin B3) (UNKNOWN); Panthenol (Pro-Vitamin B5) (UNKNOWN); Glycerin (UNKNOWN),"Tác động lâm sàng: Bảo vệ chống lại 5 dấu hiệu nhạy cảm, công thức không bọt không xà phòng được kiểm nghiệm da liễu",1,Cao (Tương thích sinh học)
9,PAULAS_CHOICE_2PCT_BHA_LIQUID,Dung Dịch Tẩy Tế Bào Chết Paula's Choice Skin Perfecting 2% BHA Liquid,Paula's Choice,Mỹ,Toner & Exfoliant,Chemical Exfoliant (BHA),Dermocosmetics,299000,910000,299.000 VNĐ (30ml) / 910.000 VNĐ (118ml),Salicylic Acid (BHA) (2%); Chiết xuất trà xanh (Camellia Oleifera Leaf Extract) (UNKNOWN); Methylpropanediol (UNKNOWN),brand_official,https://paulaschoice.vn/products/skin-perfecting-2-bha-liquid-exfoliant,"Công thức 2% BHA nền Butylene Glycol tối ưu thẩm thấu, không hương liệu, không cồn","[ingredient-level] Salicylic Acid 2% thâm nhập bã nhờn cổ nang lông, phân giải nhân mụn và kháng viêm theo hướng dẫn điều trị mụn trứng cá của AAD. (DOI: 10.1016/j.jaad.2015.12.037)",1,2026-08-19,High,"Published Research (Journal of European Academy of Dermatology and Venerology, 2016 cited in raw data)",Medium,Low,Hệ nền: Chemical Exfoliant (BHA) | Hoạt chất chính: Salicylic Acid (BHA) (2%); Chiết xuất trà xanh (Camellia Oleifera Leaf Extract) (UNKNOWN); Methylpropanediol (UNKNOWN),"Tác động lâm sàng: Công thức 2% BHA nền Butylene Glycol tối ưu thẩm thấu, không hương liệu, không cồn",1,Cao (Tương thích sinh học)
10,DEAR_KLAIRS_SUPPLE_PREPARATION_UNSCENTED_TONER,"Nước Hoa Hồng Dear, Klairs Supple Preparation Unscented Toner","Dear, Klairs",Hàn Quốc,Toner & Exfoliant,Hydrating Toner,Dermocosmetics,189000,189000,189.000 VNĐ (180ml),Sodium Hyaluronate (UNKNOWN); Phyto-Oligo (Chiết xuất rễ Althaea Rosea & Lô hội) (UNKNOWN); Chiết xuất rau má (Centella Asiatica Extract) (UNKNOWN); Wheat Amino Acids (UNKNOWN); Beta-Glucan (UNKNOWN),retail_listing,https://hasaki.vn/san-pham/nuoc-hoa-hong-khong-mui-klairs-danh-cho-da-nhay-cam-180ml-65994.html,"Kéo dài độ ẩm hơn 20% so với toner thường, không tinh dầu, không hương liệu, không cồn",,3,2026-08-19,Low,Manufacturer Claim / In Vitro Moisturization Testing,Low,Medium,Hệ nền: Hydrating Toner | Hoạt chất chính: Sodium Hyaluronate (UNKNOWN); Phyto-Oligo (Chiết xuất rễ Althaea Rosea & Lô hội) (UNKNOWN); Chiết xuất rau má (Centella Asiatica Extract) (UNKNOWN); Wheat Amino Acids (UNKNOWN); Beta-Glucan (UNKNOWN),"Tác động lâm sàng: Kéo dài độ ẩm hơn 20% so với toner thường, không tinh dầu, không hương liệu, không cồn",1,Cao (Tương thích sinh học)
11,THE_ORDINARY_GLYCOLIC_ACID_7PCT,Dung Dịch Tẩy Tế Bào Chết The Ordinary Glycolic Acid 7% Toning Solution,The Ordinary,Canada,Toner & Exfoliant,Chemical Exfoliant (AHA),Drugstore,350000,350000,350.000 VNĐ (240ml),Glycolic Acid (AHA) (7%); Tasmanian Pepperberry derivative (UNKNOWN); Panax Ginseng Root Extract (UNKNOWN); Aloe Barbadensis Leaf Water (UNKNOWN),retail_listing,https://hasaki.vn/san-pham/nuoc-hoa-hong-the-ordinary-glycolic-acid-7-toning-solution-240ml-105820.html,Nồng độ 7% Glycolic Acid kèm dẫn xuất tiêu Tasmania giảm kích ứng acid,[ingredient-level] Glycolic acid phá vỡ liên kết cầu nối desmosome ở lớp sừng và kích thích luân chuyển tế bào biểu bì. (DOI: 10.3390/molecules23040863),2,2026-08-19,Medium,Scientific AHA Monograph / Manufacturer Specification,High,Low,Hệ nền: Chemical Exfoliant (AHA) | Hoạt chất chính: Glycolic Acid (AHA) (7%); Tasmanian Pepperberry derivative (UNKNOWN); Panax Ginseng Root Extract (UNKNOWN); Aloe Barbadensis Leaf Water (UNKNOWN),Tác động lâm sàng: Nồng độ 7% Glycolic Acid kèm dẫn xuất tiêu Tasmania giảm kích ứng acid,1,Cao (Tương thích sinh học)
12,HADA_LABO_GOKUJYUN_PREMIUM_LOTION,Dung Dịch Dưỡng Ẩm Chuyên Sâu Hada Labo Gokujyun Premium Lotion,Hada Labo / Rohto,Nhật Bản,Toner & Exfoliant,Hydrating Lotion,Drugstore,280000,280000,280.000 VNĐ (170ml),Phức hợp 7 loại Hyaluronic Acid (UNKNOWN); Sacran (Chiết xuất tảo bẹ Aphanothece Sacrum Polysaccharide) (UNKNOWN),retail_listing,https://hasaki.vn/san-pham/dung-dich-duong-am-chuyen-sau-hada-labo-170ml-93880.html,"7 loại HA chuyên sâu + Sacran ngậm nước gấp 5 lần HA, duy trì độ ẩm suốt 24h",,3,2026-08-19,Low,Manufacturer Claim / In Vivo Moisture Retention Testing,Low,High,Hệ nền: Hydrating Lotion | Hoạt chất chính: Phức hợp 7 loại Hyaluronic Acid (UNKNOWN); Sacran (Chiết xuất tảo bẹ Aphanothece Sacrum Polysaccharide) (UNKNOWN),"Tác động lâm sàng: 7 loại HA chuyên sâu + Sacran ngậm nước gấp 5 lần HA, duy trì độ ẩm suốt 24h",1,Cao (Tương thích sinh học)
13,THE_ORDINARY_NIACINAMIDE_10PCT_ZINC_1PCT,Tinh Chất Giảm Thâm Mụn The Ordinary Niacinamide 10% + Zinc 1%,The Ordinary,Canada,Serum & Treatment,Sebum Control & Anti-Blemish Serum,Drugstore,195000,360000,195.000 VNĐ (30ml) / 360.000 VNĐ (60ml),Niacinamide (Vitamin B3) (10%); Zinc PCA (1%),retail_listing,https://hasaki.vn/san-pham/tinh-chat-the-ordinary-giam-mun-va-tham-30ml-97451.html,"Giảm bã nhờn, thông thoáng chân lông và mờ thâm sau mụn",[ingredient-level] Niacinamide bôi ngoài ức chế chuyển giao melanosome từ melanocyte sang tế bào sừng và giảm tiết bã nhờn. (DOI: 10.1080/14764170600717704),2,2026-08-19,Medium,Clinical Literature on 10% Niacinamide & 1% Zinc PCA,Low,High,Hệ nền: Sebum Control & Anti-Blemish Serum | Hoạt chất chính: Niacinamide (Vitamin B3) (10%); Zinc PCA (1%),"Tác động lâm sàng: Giảm bã nhờn, thông thoáng chân lông và mờ thâm sau mụn",1,Cao (Tương thích sinh học)
14,LAROCHEPOSAY_HYALU_B5_SERUM,Tinh Chất Phục Hồi & Tái Tạo Da La Roche-Posay Hyalu B5 Serum,La Roche-Posay,Pháp,Serum & Treatment,Barrier Repair & Hydration Serum,Dermocosmetics,890000,1250000,890.000 VNĐ (30ml) / 1.250.000 VNĐ (50ml),Panthenol (Pro-Vitamin B5) (5%); Hyaluronic Acid Duo (High & Low Molecular Weight) (UNKNOWN); Madecassoside (Chiết xuất rau má) (UNKNOWN); Nước khoáng La Roche-Posay (UNKNOWN),retail_listing,https://hasaki.vn/san-pham/serum-la-roche-posay-giup-tai-tao-phuc-hoi-da-105993.html,"Phục hồi da săn chắc, làm mờ nếp nhăn mảnh và tái tạo màng bảo vệ sau liệu trình",,2,2026-08-19,Medium,Clinical Testing under Dermatological Control,Low,High,Hệ nền: Barrier Repair & Hydration Serum | Hoạt chất chính: Panthenol (Pro-Vitamin B5) (5%); Hyaluronic Acid Duo (High & Low Molecular Weight) (UNKNOWN); Madecassoside (Chiết xuất rau má) (UNKNOWN); Nước khoáng La Roche-Posay (UNKNOWN),"Tác động lâm sàng: Phục hồi da săn chắc, làm mờ nếp nhăn mảnh và tái tạo màng bảo vệ sau liệu trình",1,Cao (Tương thích sinh học)
15,ESTEE_LAUDER_ADVANCED_NIGHT_REPAIR,Tinh Chất Phục Hồi Ban Đêm Estée Lauder Advanced Night Repair Synchronized Multi-Recovery,Estée Lauder,Mỹ,Serum & Treatment,Anti-Aging & Cellular Repair Serum,High-End / Clinical Luxury,2450000,3350000,2.450.000 VNĐ (50ml) / 3.350.000 VNĐ (75ml),Tripeptide-32 (Chronolux™ Technology) (UNKNOWN); Bifida Ferment Lysate (UNKNOWN); Lactobacillus Ferment (UNKNOWN); Sodium Hyaluronate & Squalane (UNKNOWN); Kola Seed Extract & Caffeine (UNKNOWN),retail_listing,https://hasaki.vn/san-pham/tinh-chat-estee-lauder-phuc-hoi-ngan-ngua-lao-hoa-50ml-103905.html,Công nghệ độc quyền Chronolux Power Signal kích hoạt tái tạo collagen và bảo vệ chống oxy hóa 8H,,3,2026-08-19,Low,Proprietary Clinical & In Vitro Chronobiology Research,Low,High,Hệ nền: Anti-Aging & Cellular Repair Serum | Hoạt chất chính: Tripeptide-32 (Chronolux™ Technology) (UNKNOWN); Bifida Ferment Lysate (UNKNOWN); Lactobacillus Ferment (UNKNOWN); Sodium Hyaluronate & Squalane (UNKNOWN); Kola Seed Extract & Caffeine (UNKNOWN),Tác động lâm sàng: Công nghệ độc quyền Chronolux Power Signal kích hoạt tái tạo collagen và bảo vệ chống oxy hóa 8H,1,Cao (Tương thích sinh học)
16,KIEHLS_CLEARLY_CORRECTIVE_DARK_SPOT,Serum Làm Sáng Da & Mờ Thâm Nám Kiehl's Clearly Corrective Dark Spot Solution,Kiehl's,Mỹ,Serum & Treatment,Brightening & Dark Spot Serum,High-End / Clinical Luxury,1950000,2650000,1.950.000 VNĐ (30ml) / 2.650.000 VNĐ (50ml),Activated C (3-O-Ethyl Ascorbic Acid) (UNKNOWN); White Birch Extract (Chiết xuất Bạch dương trắng) (UNKNOWN); Peony Extract (Chiết xuất Hoa mẫu đơn) (UNKNOWN); Salicylic Acid (UNKNOWN),retail_listing,https://hasaki.vn/cam-nang/top-2-serum-vitamin-c-cua-kiehl-s-cho-ban-lan-da-sang-khoe-3144.html,"Activated C ổn định 100% không bị đổi màu/oxy hóa, làm mờ thâm nám rõ rệt gấp 2 lần",,3,2026-08-19,Low,Clinical Study on 3-O-Ethyl Ascorbic Acid,Low,Medium,Hệ nền: Brightening & Dark Spot Serum | Hoạt chất chính: Activated C (3-O-Ethyl Ascorbic Acid) (UNKNOWN); White Birch Extract (Chiết xuất Bạch dương trắng) (UNKNOWN); Peony Extract (Chiết xuất Hoa mẫu đơn) (UNKNOWN); Salicylic Acid (UNKNOWN),"Tác động lâm sàng: Activated C ổn định 100% không bị đổi màu/oxy hóa, làm mờ thâm nám rõ rệt gấp 2 lần",1,Cao (Tương thích sinh học)
17,SKINCEUTICALS_CE_FERULIC,Tinh Chất Chống Oxy Hóa Đột Phá SkinCeuticals C E Ferulic,SkinCeuticals,Mỹ,Serum & Treatment,Antioxidant Serum (Vitamin C),High-End / Clinical Luxury,3800000,3800000,3.800.000 VNĐ (30ml),L-Ascorbic Acid (Vitamin C tinh khiết) (15%); Alpha Tocopherol (Vitamin E) (1%); Ferulic Acid (0.5%),retail_listing,https://edbeauty.vn/san-pham/serum-duong-da-skinceuticals-vitamin-c-e-ferulic-30ml,"Bằng sáng chế Duke Antioxidant Patent, bảo vệ da gấp 8 lần trước tổn thương oxy hóa môi trường",[product-level] Công thức phối hợp 15% L-Ascorbic Acid + 1% Alpha-Tocopherol + 0.5% Ferulic Acid tăng cường khả năng bảo vệ quang sinh học chống gốc tự do. (DOI: 10.1016/j.jaad.2008.05.004),2,2026-08-19,Medium,"Published Peer-Reviewed Clinical Trial (Dermatologic Surgery, 2001; Pinnell et al.)",Medium,Low,Hệ nền: Antioxidant Serum (Vitamin C) | Hoạt chất chính: L-Ascorbic Acid (Vitamin C tinh khiết) (15%); Alpha Tocopherol (Vitamin E) (1%); Ferulic Acid (0.5%),"Tác động lâm sàng: Bằng sáng chế Duke Antioxidant Patent, bảo vệ da gấp 8 lần trước tổn thương oxy hóa môi trường",1,Cao (Tương thích sinh học)
18,COSRX_ADVANCED_SNAIL_96_MUCIN,Tinh Chất Dịch Nhầy Ốc Sên Cosrx Advanced Snail 96 Mucin Power Essence,Cosrx,Hàn Quốc,Serum & Treatment,Snail Mucin Essence,Drugstore,265000,265000,265.000 VNĐ (100ml),Snail Secretion Filtrate (Dịch nhầy ốc sên) (96.3%); Sodium Hyaluronate (UNKNOWN); Panthenol (Pro-Vitamin B5) (UNKNOWN); Allantoin & Arginine (UNKNOWN),retail_listing,https://hasaki.vn/san-pham/tinh-chat-oc-sen-cosrx-duong-am-phuc-hoi-da-100ml-96531.html,96.3% Dịch tiết ốc sên tự nhiên nuôi dưỡng và tái tạo làn da tổn thương,,2,2026-08-19,Medium,Manufacturer Testing / In Vitro Glycosaminoglycan Studies,Low,High,Hệ nền: Snail Mucin Essence | Hoạt chất chính: Snail Secretion Filtrate (Dịch nhầy ốc sên) (96.3%); Sodium Hyaluronate (UNKNOWN); Panthenol (Pro-Vitamin B5) (UNKNOWN); Allantoin & Arginine (UNKNOWN),Tác động lâm sàng: 96.3% Dịch tiết ốc sên tự nhiên nuôi dưỡng và tái tạo làn da tổn thương,1,Cao (Tương thích sinh học)
19,SKIN1004_MADAGASCAR_CENTELLA_AMPOULE,Tinh Chất Rau Má Skin1004 Madagascar Centella Ampoule,Skin1004,Hàn Quốc,Serum & Treatment,Centella Soothing Ampoule,Drugstore,245000,390000,245.000 VNĐ (55ml) / 390.000 VNĐ (100ml),"Centella Asiatica Extract (Rau má Madagascar) (100%); Madecassoside, Asiaticoside, Asiatic Acid, Madecassic Acid (Natural Bio-Components)",retail_listing,https://hasaki.vn/san-pham/tinh-chat-rau-ma-skin1004-madagascar-centella-ampoule-55ml-89312.html,"100% chiết xuất rau má Madagascar tự nhiên lành tính, không chứa bất kỳ chất bảo quản hay phụ gia tổng hợp nào",,2,2026-08-19,Medium,Published Dermatological Studies on Centella Asiatica Phytocompounds,Low,High,"Hệ nền: Centella Soothing Ampoule | Hoạt chất chính: Centella Asiatica Extract (Rau má Madagascar) (100%); Madecassoside, Asiaticoside, Asiatic Acid, Madecassic Acid (Natural Bio-Components)","Tác động lâm sàng: 100% chiết xuất rau má Madagascar tự nhiên lành tính, không chứa bất kỳ chất bảo quản hay phụ gia tổng hợp nào",1,Cao (Tương thích sinh học)
20,KLENZIT_MS_ADAPALENE_01,Gel Trị Mụn Klenzit MS (Adapalene 0.1% Dạng Gel Vi Hạt),Glenmark Pharmaceuticals,Ấn Độ,Serum & Treatment,Topical Retinoid (Adapalene),Drugstore,110000,145000,110.000 VNĐ - 145.000 VNĐ (15g),Adapalene (Dạng vi hạt microsphere) (0.1%),retail_listing,https://nhathuoclongchau.com.vn/thuoc/klenzit-ms-glenmark-15g-tri-mun-trung-ca-21665.html,"Adapalene vi hạt 0.1% tiêu nhân mụn hiệu quả, ít kích ứng hơn Tretinoin thế hệ cũ","[ingredient-level] Adapalene 0.1% gắn chọn lọc thụ thể RAR-beta/gamma, bình thường hóa sừng hóa nang lông và ức chế hóa ứng động bạch cầu. (DOI: 10.1016/j.jaad.2015.12.037)",2,2026-08-19,Medium,Approved Dermatological Drug Monograph / Multi-center Clinical Trials,Medium,Low,Hệ nền: Topical Retinoid (Adapalene) | Hoạt chất chính: Adapalene (Dạng vi hạt microsphere) (0.1%),"Tác động lâm sàng: Adapalene vi hạt 0.1% tiêu nhân mụn hiệu quả, ít kích ứng hơn Tretinoin thế hệ cũ",0,Cao (Tương thích sinh học)
21,RETACNYL_TRETINOIN_005,Kem Điều Trị Da Liễu Retacnyl Tretinoin Cream 0.05%,Galderma,Pháp,Serum & Treatment,Topical Retinoid (Tretinoin),Dermocosmetics,320000,450000,320.000 VNĐ - 450.000 VNĐ (30g),Tretinoin (All-trans retinoic acid) (0.05%),retail_listing,https://nhathuoclongchau.com.vn/thuoc/retacnyl-005-galderma-30g-tri-mun-chong-lao-hoa-19820.html,Tiêu chuẩn vàng đảo ngược lão hóa quang học và điều trị mụn tầng sâu được FDA phê duyệt,"[ingredient-level] Tretinoin bôi ngoài thúc đẩy luân chuyển biểu bì, thông thoáng nhân mụn và tăng sinh collagen type I. (DOI: 10.2147/ciia.2006.1.4.327)",2,2026-08-19,Medium,FDA Approved Drug Monograph / Decades of Global Dermatological Clinical Trials,High,Low,Hệ nền: Topical Retinoid (Tretinoin) | Hoạt chất chính: Tretinoin (All-trans retinoic acid) (0.05%),Tác động lâm sàng: Tiêu chuẩn vàng đảo ngược lão hóa quang học và điều trị mụn tầng sâu được FDA phê duyệt,1,Cao (Tương thích sinh học)
22,EPIDUO_GEL_ADAPALENE_BPO,Gel Trị Mụn Kết Hợp Epiduo Gel (Adapalene 0.1% + Benzoyl Peroxide 2.5%),Galderma,Pháp,Serum & Treatment,Combination Acne Therapy,Dermocosmetics,380000,520000,380.000 VNĐ - 520.000 VNĐ (15g),Adapalene (0.1%); Benzoyl Peroxide (2.5%),retail_listing,https://nhathuoclongchau.com.vn/thuoc/epiduo-0125-galderma-15g-tri-mun-viem-19812.html,Phác đồ phối hợp liều cố định hàng đầu thế giới được các hướng dẫn AAD/EADV khuyến cáo độ A,[product-level] Phối hợp liều cố định Adapalene 0.1% và Benzoyl Peroxide 2.5% có hiệu quả vượt trội hơn đơn trị liệu trên mụn viêm và mụn không viêm. (DOI: 10.1016/j.jaad.2007.06.006),2,2026-08-19,Medium,Level 1A Evidence (Guidelines of Care for the Management of Acne Vulgaris - JAAD),High,Low,Hệ nền: Combination Acne Therapy | Hoạt chất chính: Adapalene (0.1%); Benzoyl Peroxide (2.5%),Tác động lâm sàng: Phác đồ phối hợp liều cố định hàng đầu thế giới được các hướng dẫn AAD/EADV khuyến cáo độ A,0,Cao (Tương thích sinh học)
23,DERMA_FORTE_AZELAIC_20PCT,Gel Trị Mụn & Giảm Thâm Derma Forte (Azelaic Acid 20% + CoQ10 + Vit C),Gamma Chemicals,Việt Nam,Serum & Treatment,Azelaic Acid Spot & Field Treatment,Drugstore,95000,130000,95.000 VNĐ - 130.000 VNĐ (15g),Azelaic Acid (20%); Ubiquinone (Coenzyme Q10) (UNKNOWN); Ascorbic Acid & Tocopherol (UNKNOWN); Centella Asiatica Extract (UNKNOWN),retail_listing,https://hasaki.vn/san-pham/gel-giam-mun-va-mo-tham-derma-forte-15g-93210.html,"Giảm thâm đỏ và mụn dịu nhẹ, an toàn dung nạp cao trên làn da nhạy cảm",[ingredient-level] Azelaic acid 20% ức chế tyrosinase cạnh tranh chọn lọc và diệt khuẩn C. acnes. (DOI: 10.1111/jocd.12217),2,2026-08-19,Medium,Clinical Literature on 20% Azelaic Acid in PIE/PIH & Acne,Low,Medium,Hệ nền: Azelaic Acid Spot & Field Treatment | Hoạt chất chính: Azelaic Acid (20%); Ubiquinone (Coenzyme Q10) (UNKNOWN); Ascorbic Acid & Tocopherol (UNKNOWN); Centella Asiatica Extract (UNKNOWN),"Tác động lâm sàng: Giảm thâm đỏ và mụn dịu nhẹ, an toàn dung nạp cao trên làn da nhạy cảm",0,Cao (Tương thích sinh học)
24,SKINOREN_AZELAIC_ACID_20PCT,Kem Điều Trị Nám & Mụn Trứng Cá Skinoren 20% Azelaic Acid Cream,LEO Pharma,Ý / Đức,Serum & Treatment,Azelaic Acid Cream (Clinical Grade),Dermocosmetics,360000,490000,360.000 VNĐ - 490.000 VNĐ (30g),Azelaic Acid (Clinical Grade) (20%),retail_listing,https://nhathuoclongchau.com.vn/thuoc/skinoren-20-leo-pharma-30g-tri-nam-mun-19815.html,"Được phê duyệt quốc tế cho Melasma và Rosacea, an toàn cho phụ nữ mang thai",[product-level] Kem Skinoren 20% có hiệu quả tương đương Hydroquinone 4% trong điều trị nám má nhưng không gây biến chứng mất sắc tố vĩnh viễn. (DOI: 10.1111/j.1365-4362.1991.tb04362.x),2,2026-08-19,Medium,Level 1 Evidence (Cochrane Review & JAAD Guidelines for Melasma & Rosacea),Low (châm chích nhẹ 5 phút đầu do acid tinh khiết),Medium,Hệ nền: Azelaic Acid Cream (Clinical Grade) | Hoạt chất chính: Azelaic Acid (Clinical Grade) (20%),"Tác động lâm sàng: Được phê duyệt quốc tế cho Melasma và Rosacea, an toàn cho phụ nữ mang thai",1,Cao (Tương thích sinh học)
25,LAROCHEPOSAY_CICAPLAST_BAUME_B5_PLUS,Kem Dưỡng Phục Hồi Đa Công Dụng La Roche-Posay Cicaplast Baume B5+,La Roche-Posay,Pháp,Moisturizer,Barrier Repair Balm,Dermocosmetics,277000,540000,277.000 VNĐ (40ml) / 540.000 VNĐ (100ml),Panthenol (Pro-Vitamin B5) (5%); Phức hợp tiền sinh học Tribioma (Prebiotics complex) (UNKNOWN); Madecassoside (Chiết xuất rau má) (UNKNOWN); Butyrospermum Parkii (Shea Butter) (UNKNOWN); Kẽm Gluconate & Mangan (UNKNOWN),brand_official,https://www.larocheposay.vn/cicaplast/cicaplast-baume-b5-plus,"Phục hồi da sau 1 giờ, ứng dụng công nghệ vi sinh Tribioma độc quyền, an toàn cho trẻ sơ sinh và da sau thủ thuật",[product-level] Thử nghiệm lâm sàng đối chứng mù đôi trên 52 đối tượng chứng minh phức hợp 5% Panthenol + Tribioma + Madecassoside phục hồi hàng rào biểu bì sau 1 giờ và giảm 88% cảm giác châm chích. (DOI: 10.1111/jocd.13257 / PMID: 32064687),1,2026-08-19,High,Level 1A Multicenter Double-blind RCT,Low,High,Hệ nền: Barrier Repair Balm | Hoạt chất chính: Panthenol (Pro-Vitamin B5) (5%); Phức hợp tiền sinh học Tribioma (Prebiotics complex) (UNKNOWN); Madecassoside (Chiết xuất rau má) (UNKNOWN); Butyrospermum Parkii (Shea Butter) (UNKNOWN); Kẽm Gluconate & Mangan (UNKNOWN),"Tác động lâm sàng: Phục hồi da sau 1 giờ, ứng dụng công nghệ vi sinh Tribioma độc quyền, an toàn cho trẻ sơ sinh và da sau thủ thuật",1,Cao (Tương thích sinh học)
26,AVENE_CICALFATE_PLUS_CREAM,Kem Dưỡng Phục Hồi Làm Lành Da Avène Cicalfate+ Restorative Protective Cream,Eau Thermale Avène,Pháp,Moisturizer,Barrier Repair Cream,Dermocosmetics,310000,460000,310.000 VNĐ (40ml) / 460.000 VNĐ (100ml),[C+-Restore] (Postbiotic patented active derived from Avène Thermal Spring Water) (UNKNOWN); Kẽm Oxide (Zinc Oxide) (4%); Đồng Sulfate (Copper Sulfate) & Kẽm Sulfate (UNKNOWN); Avène Thermal Spring Water (45%),retail_listing,https://hasaki.vn/san-pham/kem-duong-avene-giup-phuc-hoi-da-lam-lanh-seo-chong-nhiem-khuan-40ml-89512.html,"Làm lành da sau 48H, giảm 84% cảm giác khó chịu ngay lần đầu thoa",,2,2026-08-19,Medium,Published Clinical Trials in Post-procedure & Pediatric Wound Care,Low,High,Hệ nền: Barrier Repair Cream | Hoạt chất chính: [C+-Restore] (Postbiotic patented active derived from Avène Thermal Spring Water) (UNKNOWN); Kẽm Oxide (Zinc Oxide) (4%); Đồng Sulfate (Copper Sulfate) & Kẽm Sulfate (UNKNOWN); Avène Thermal Spring Water (45%),"Tác động lâm sàng: Làm lành da sau 48H, giảm 84% cảm giác khó chịu ngay lần đầu thoa",1,Cao (Tương thích sinh học)
27,NEUTROGENA_HYDRO_BOOST_WATER_GEL,Kem Dưỡng Dạng Gel Cấp Nước Neutrogena Hydro Boost Water Gel,Neutrogena,Mỹ,Moisturizer,Hydrating Water Gel,Drugstore,290000,290000,290.000 VNĐ (50g),Hyaluronic Acid (UNKNOWN); Olive Extract (Cetearyl Olivate & Sorbitan Olivate) (UNKNOWN); Glycerin & Dimethicone polymer matrix (UNKNOWN),retail_listing,https://hasaki.vn/san-pham/kem-duong-am-neutrogena-cung-cap-nuoc-cho-da-50g-90339.html,"Cấp nước 72H, công thức không dầu (Oil-free), không gây mụn (Non-comedogenic)",,3,2026-08-19,Low,Dermatologist Tested / Clinical Hydration Assay,Low,Medium,Hệ nền: Hydrating Water Gel | Hoạt chất chính: Hyaluronic Acid (UNKNOWN); Olive Extract (Cetearyl Olivate & Sorbitan Olivate) (UNKNOWN); Glycerin & Dimethicone polymer matrix (UNKNOWN),"Tác động lâm sàng: Cấp nước 72H, công thức không dầu (Oil-free), không gây mụn (Non-comedogenic)",0,Cao (Tương thích sinh học)
28,CLINIQUE_MOISTURE_SURGE_100H,Kem Dưỡng Cấp Nước Chuyên Sâu Clinique Moisture Surge 100-Hour Auto-Replenishing,Clinique,Mỹ,Moisturizer,Auto-Replenishing Gel-Cream,High-End / Clinical Luxury,820000,1350000,820.000 VNĐ (50ml) / 1.350.000 VNĐ (75ml),Aloe Bioferment (Men sinh học lô hội) (UNKNOWN); Hyaluronic Acid Duo (UNKNOWN); Activated Aloe Water (UNKNOWN); Caffeine & Green Tea extract (UNKNOWN),retail_listing,https://hasaki.vn/san-pham/kem-duong-am-clinique-cap-nuoc-chuyen-sau-100h-50ml-93512.html,"Cấp ẩm xuyên suốt 100 giờ kể cả sau khi rửa mặt, thấm sâu 10 tầng biểu bì, 100% không hương liệu",,3,2026-08-19,Low,Clinical Corneometry & Clinical Grading (100-hour retention study),Low,High,Hệ nền: Auto-Replenishing Gel-Cream | Hoạt chất chính: Aloe Bioferment (Men sinh học lô hội) (UNKNOWN); Hyaluronic Acid Duo (UNKNOWN); Activated Aloe Water (UNKNOWN); Caffeine & Green Tea extract (UNKNOWN),"Tác động lâm sàng: Cấp ẩm xuyên suốt 100 giờ kể cả sau khi rửa mặt, thấm sâu 10 tầng biểu bì, 100% không hương liệu",1,Cao (Tương thích sinh học)
29,LAROCHEPOSAY_ANTHELIOS_UVMUNE_400_OIL_CONTROL,Sữa Chống Nắng Kiềm Dầu La Roche-Posay Anthelios UVMune 400 Oil Control Fluid SPF50+,La Roche-Posay,Pháp,Sunscreen,Oil Control Sunscreen Fluid,Dermocosmetics,420000,420000,420.000 VNĐ (50ml),Mexoryl 400 (Methoxypropylamino Cyclohexenylidene Ethoxyethylcyanoacetate) (UNKNOWN); Airlicium (Silica silylate lipid absorber) (UNKNOWN); Netlock Technology polymer network (UNKNOWN); Nước khoáng La Roche-Posay (UNKNOWN),retail_listing,https://hasaki.vn/san-pham/sua-chong-nang-la-roche-posay-cho-da-dau-mun-50ml-111697.html,"PPD 55.8 bảo vệ chống tia UVA cực dài 380-400nm, kiềm dầu 12H, kháng trôi cao",[ingredient-level] Màng lọc Mexoryl 400 hấp thu chọn lọc phổ UVA dài (380-400nm) bảo vệ DNA tế bào biểu bì chống lại tổn thương quang hóa. (DOI: 10.3390/ijms23158243),3,2026-08-19,Low,Published Clinical Photobiology Trial / In Vivo SPF & PPD Testing,Low,Medium,Hệ nền: Oil Control Sunscreen Fluid | Hoạt chất chính: Mexoryl 400 (Methoxypropylamino Cyclohexenylidene Ethoxyethylcyanoacetate) (UNKNOWN); Airlicium (Silica silylate lipid absorber) (UNKNOWN); Netlock Technology polymer network (UNKNOWN); Nước khoáng La Roche-Posay (UNKNOWN),"Tác động lâm sàng: PPD 55.8 bảo vệ chống tia UVA cực dài 380-400nm, kiềm dầu 12H, kháng trôi cao",1,Cao (Tương thích sinh học)
30,ANESSA_PERFECT_UV_SKINCARE_MILK,Sữa Chống Nắng Dưỡng Da Kiềm Dầu Anessa Perfect UV Sunscreen Skincare Milk N SPF50+ PA++++,Anessa / Shiseido,Nhật Bản,Sunscreen,Water-Resistant Sunscreen Milk,Dermocosmetics,220000,435000,435.000 VNĐ (60ml) / 220.000 VNĐ (20ml),"Zinc Oxide & Titanium Dioxide (Phổ khoáng) (UNKNOWN); Organic UV Filters (Octocrylene, Uvinul A Plus, Tinosorb S, Ensulizole) (UNKNOWN); Auto Veil & Auto Booster Technology (UNKNOWN); Kyoto Uji Green Tea Extract, Soluble Collagen, Super HA (UNKNOWN)",retail_listing,https://hasaki.vn/san-pham/sua-chong-nang-anessa-duong-da-kiem-dau-60ml-moi-119084.html,"Công nghệ Auto Veil tự phục hồi màng bảo vệ, 50% dưỡng da, chống nước 80 phút, chống bụi PM2.5",,3,2026-08-19,Low,Clinical In Vivo Water Resistance & SPF50+ PA++++ Testing,Low,Medium,"Hệ nền: Water-Resistant Sunscreen Milk | Hoạt chất chính: Zinc Oxide & Titanium Dioxide (Phổ khoáng) (UNKNOWN); Organic UV Filters (Octocrylene, Uvinul A Plus, Tinosorb S, Ensulizole) (UNKNOWN); Auto Veil & Auto Booster Technology (UNKNOWN); Kyoto Uji Green Tea Extract, Soluble Collagen, Super HA (UNKNOWN)","Tác động lâm sàng: Công nghệ Auto Veil tự phục hồi màng bảo vệ, 50% dưỡng da, chống nước 80 phút, chống bụi PM2.5",1,Cao (Tương thích sinh học)
31,SKIN1004_HYALU_CICA_WATER_FIT_SUN_SERUM,Tinh Chất Chống Nắng Skin1004 Madagascar Centella Hyalu-Cica Water-Fit Sun Serum SPF50+ PA++++,Skin1004,Hàn Quốc,Sunscreen,Hydrating Sun Serum,Drugstore,230000,495000,230.000 VNĐ (50ml) / 495.000 VNĐ (Combo 2x50ml),"Hyalu-Cica Complex (Centella Asiatica Extract + Hyaluronic Acid) (UNKNOWN); Modern Chemical UV Filters (Uvinul A Plus, Tinosorb M, Uvinul T 150, Iscotrizinol) (UNKNOWN); Niacinamide & Adenosine (UNKNOWN)",retail_listing,https://hasaki.vn/san-pham/tinh-chat-chong-nang-skin1004-chiet-xuat-rau-ma-va-hyaluronic-acid-50ml-105578.html,"Top 1 kem chống nắng bán chạy Olive Young Hàn Quốc, kết cấu serum mỏng nhẹ như nước",,3,2026-08-19,Low,Clinical In Vivo SPF 50+ & PA++++ Testing (Korea Dermatology Research Institute),Low,High,"Hệ nền: Hydrating Sun Serum | Hoạt chất chính: Hyalu-Cica Complex (Centella Asiatica Extract + Hyaluronic Acid) (UNKNOWN); Modern Chemical UV Filters (Uvinul A Plus, Tinosorb M, Uvinul T 150, Iscotrizinol) (UNKNOWN); Niacinamide & Adenosine (UNKNOWN)","Tác động lâm sàng: Top 1 kem chống nắng bán chạy Olive Young Hàn Quốc, kết cấu serum mỏng nhẹ như nước",1,Cao (Tương thích sinh học)
32,SKIN1004_AIRFIT_SUNCREAM_PLUS_MINERAL,Kem Chống Nắng Thuần Vật Lý Skin1004 Madagascar Centella Air-Fit Suncream Plus SPF50+ PA++++,Skin1004,Hàn Quốc,Sunscreen,100% Mineral Physical Sunscreen,Drugstore,230000,420000,230.000 VNĐ (50ml) / 420.000 VNĐ (Combo 2x50ml),Zinc Oxide & Titanium Dioxide (100% Mineral Filters) (UNKNOWN); Centella Asiatica Extract (Rau má Madagascar) (29.4%); Madewhite™ (Dẫn xuất rau má làm sáng da) (UNKNOWN); Niacinamide (UNKNOWN),retail_listing,https://hasaki.vn/san-pham/kem-chong-nang-skin1004-cho-da-nhay-cam-spf-50-50ml-89241.html,"100% màng lọc vật lý nano-free, an toàn cho trẻ em và phụ nữ mang thai, không cay mắt",,2,2026-08-19,Medium,Clinical In Vivo Mineral SPF50+ & Safety Dermatological Testing,Low,High,Hệ nền: 100% Mineral Physical Sunscreen | Hoạt chất chính: Zinc Oxide & Titanium Dioxide (100% Mineral Filters) (UNKNOWN); Centella Asiatica Extract (Rau má Madagascar) (29.4%); Madewhite™ (Dẫn xuất rau má làm sáng da) (UNKNOWN); Niacinamide (UNKNOWN),"Tác động lâm sàng: 100% màng lọc vật lý nano-free, an toàn cho trẻ em và phụ nữ mang thai, không cay mắt",1,Cao (Tương thích sinh học)
33,TRI_LUMA_CREAM,Kem Điều Trị Nám Phối Hợp 3 Thành Phần Tri-Luma Cream,Galderma Laboratories,Mỹ / Pháp,Treatment,Prescription Pigment Combination,Prescription/Rx,790000,920000,850.000 VNĐ (15g),Hydroquinone (4.0% w/w); Tretinoin (0.05% w/w); Fluocinolone Acetonide (0.01% w/w),smpc_fda_label,https://www.accessdata.fda.gov/drugsatfda_docs/label/2013/021112s009lbl.pdf,Thuốc bôi kê đơn duy nhất được FDA phê duyệt chứa phức hợp 3 thành phần phối hợp điều trị nám má mức độ vừa đến nặng.,[product-level] Công thức phối hợp 3 thành phần Fluocinolone 0.01% + Hydroquinone 4% + Tretinoin 0.05% đạt hiệu quả làm mờ nám má vượt trội so với các dạng đơn trị liệu. (DOI: 10.1016/j.jaad.2006.02.009),1,2026-08-19,High,Product-level Level 1A Multicenter Double-blind RCT (JAAD 2006) + FDA NDA 021112 Approved,High,Low,Hệ nền: Prescription Pigment Combination | Hoạt chất chính: Hydroquinone (4.0% w/w); Tretinoin (0.05% w/w); Fluocinolone Acetonide (0.01% w/w),Tác động lâm sàng: Thuốc bôi kê đơn duy nhất được FDA phê duyệt chứa phức hợp 3 thành phần phối hợp điều trị nám má mức độ vừa đến nặng.,1,Cao (Tương thích sinh học)
34,DALACIN_T_CLINDAMYCIN_1PCT,Gel Kháng Sinh Điều Trị Mụn Dalacin T Gel 1% (Clindamycin Phosphate 1%),Sato Pharmaceutical / Pfizer,Nhật Bản / Mỹ,Treatment,Prescription Antibiotic Gel,Prescription/Rx,125000,160000,140.000 VNĐ (10g),Clindamycin Phosphate (1.0% w/w),smpc_fda_label,https://www.accessdata.fda.gov/drugsatfda_docs/label/2012/050600s017lbl.pdf,Thuốc bôi da liễu ức chế vi khuẩn gây mụn Cutibacterium acnes và giảm sưng viêm ở các nốt mụn mủ.,[ingredient-level] Clindamycin phosphate 1% bôi ngoài ức chế tổng hợp protein vi khuẩn C. acnes và giảm phản ứng viêm sẩn mụn mủ theo hướng dẫn điều trị mụn AAD. (DOI: 10.1016/j.jaad.2015.12.037),1,2026-08-19,High,Ingredient-level Level 1A evidence (AAD Guidelines 2016) + FDA NDA 050600 Monograph,Low,Low,Hệ nền: Prescription Antibiotic Gel | Hoạt chất chính: Clindamycin Phosphate (1.0% w/w),Tác động lâm sàng: Thuốc bôi da liễu ức chế vi khuẩn gây mụn Cutibacterium acnes và giảm sưng viêm ở các nốt mụn mủ.,0,Cao (Tương thích sinh học)
35,PROTOPIC_TACROLIMUS_01PCT,Thuốc Mỡ Ức Chế Miễn Dịch Protopic Ointment 0.1% (Tacrolimus 0.1%),LEO Pharma / Astellas,Nhật Bản / Ireland,Treatment,Prescription Calcineurin Inhibitor,Prescription/Rx,540000,630000,580.000 VNĐ (30g),Tacrolimus (0.1% w/w),smpc_fda_label,https://www.accessdata.fda.gov/drugsatfda_docs/label/2011/050777s018lbl.pdf,Thuốc mỡ kê đơn không chứa steroid điều trị viêm da cơ địa mức độ vừa đến nặng ở người lớn và thanh thiếu niên.,[product-level] Thuốc mỡ Tacrolimus 0.1% ức chế calcineurin chọn lọc làm giảm phản ứng viêm trong viêm da cơ địa mà không gây teo mỏng da như corticosteroid. (DOI: 10.1016/j.jaad.2004.12.038),1,2026-08-19,High,Product-level Level 1A Multicenter RCTs (JAAD 2005) + FDA NDA 050777 Approved,Medium,High,Hệ nền: Prescription Calcineurin Inhibitor | Hoạt chất chính: Tacrolimus (0.1% w/w),Tác động lâm sàng: Thuốc mỡ kê đơn không chứa steroid điều trị viêm da cơ địa mức độ vừa đến nặng ở người lớn và thanh thiếu niên.,1,Cao (Tương thích sinh học)
36,SVR_SEBIACLEAR_AMPOULE_FLASH,Tinh Chất Giảm Mụn & Mờ Thâm Đỏ SVR Sebiaclear Ampoule Flash 15% Azelaic Acid,Laboratoires SVR,Pháp,Serum,Azelaic Acid Serum,Dermocosmetic,620000,750000,690.000 VNĐ (30ml),Azelaic Acid (15.0%); Niacinamide (Vitamin B3) (2.0%); Zinc Gluconate (0.5%); Salicylic Acid (BHA) (UNKNOWN),brand_official,https://vn.svr.com/products/sebiaclear-ampoule-flash,"15% Azelaic Acid tinh khiết giúp giảm rõ rệt mụn viêm, mụn đầu đen, thâm đỏ (PIE) và bóng dầu chỉ sau 8 giờ.",[ingredient-level] Azelaic acid 15% dạng dung dịch/serum thâm nhập sâu vào biểu bì điều hòa sừng hóa nang lông và giảm viêm đỏ trong mụn trứng cá và rosacea. (DOI: 10.1067/mjd.2003.308),1,2026-08-19,High,Ingredient-level JAAD 2003 evidence (15% Azelaic Acid) + Brand In Vivo 8-Hour Clinical Assay,Medium,Medium,Hệ nền: Azelaic Acid Serum | Hoạt chất chính: Azelaic Acid (15.0%); Niacinamide (Vitamin B3) (2.0%); Zinc Gluconate (0.5%); Salicylic Acid (BHA) (UNKNOWN),"Tác động lâm sàng: 15% Azelaic Acid tinh khiết giúp giảm rõ rệt mụn viêm, mụn đầu đen, thâm đỏ (PIE) và bóng dầu chỉ sau 8 giờ.",1,Cao (Tương thích sinh học)
37,AVENE_A_OXITIVE_NIGHT_PEELING,Kem Dưỡng Tái Tạo Da Ban Đêm Avène A-Oxitive Night Peeling Cream 0.1% Retinal,Eau Thermale Avène,Pháp,Moisturizer,Retinal Night Cream,Dermocosmetic,820000,960000,890.000 VNĐ (30ml),Retinaldehyde (Retinal) (0.1%); Pro-Vitamin E (Tocopheryl Glucoside) (UNKNOWN); Oenothera Biennis (Evening Primrose) Oil (UNKNOWN); Avène Thermal Spring Water (UNKNOWN),brand_official,https://www.eau-thermale-avene.fr/,"Hiệu quả tương đương 3 liệu trình peel da chuyên nghiệp, kích thích đổi mới tế bào và làm mờ nếp nhăn mảnh nhờ 0.1% Retinaldehyde.",[ingredient-level] Retinaldehyde 0.1% chuyển hóa trực tiếp 1 bước thành retinoic acid trong tế bào sừng với mức kích ứng dung nạp tốt hơn tretinoin. (DOI: 10.2147/ciia.2006.1.4.327),1,2026-08-19,High,Ingredient-level Clin Interv Aging 2006 evidence (0.1% Retinaldehyde) + Brand In Vivo Clinical Peeling Trial,Medium,Medium,Hệ nền: Retinal Night Cream | Hoạt chất chính: Retinaldehyde (Retinal) (0.1%); Pro-Vitamin E (Tocopheryl Glucoside) (UNKNOWN); Oenothera Biennis (Evening Primrose) Oil (UNKNOWN); Avène Thermal Spring Water (UNKNOWN),"Tác động lâm sàng: Hiệu quả tương đương 3 liệu trình peel da chuyên nghiệp, kích thích đổi mới tế bào và làm mờ nếp nhăn mảnh nhờ 0.1% Retinaldehyde.",1,Cao (Tương thích sinh học)
38,BIODERMA_SEBIUM_PORE_REFINER,Kem Dưỡng Se Khít Lỗ Chân Lông & Kiềm Dầu Bioderma Sébium Pore Refiner,Bioderma (NAOS),Pháp,Treatment,Pore Refining Cream,Dermocosmetic,395000,480000,440.000 VNĐ (30ml),Fluidactiv® Patented Sebum Quality Complex (UNKNOWN); Agaricic Acid (Fomes Officinalis Mushroom Extract) (UNKNOWN); Salicylic Acid (BHA) (UNKNOWN); Silica & Polymethyl Methacrylate Mattifying Powders (UNKNOWN),brand_official,https://www.bioderma.com.vn/products/sebium/pore-refiner,"Se khít lỗ chân lông, cải thiện kết cấu da mịn màng và kiềm dầu suốt 8 giờ nhờ phức hợp Fluidactiv độc quyền.",,2,2026-08-19,Medium,Product-level In Vivo Mattifying & Pore Efficacy Evaluation (NAOS Clinical Dossier),Low,Low,Hệ nền: Pore Refining Cream | Hoạt chất chính: Fluidactiv® Patented Sebum Quality Complex (UNKNOWN); Agaricic Acid (Fomes Officinalis Mushroom Extract) (UNKNOWN); Salicylic Acid (BHA) (UNKNOWN); Silica & Polymethyl Methacrylate Mattifying Powders (UNKNOWN),"Tác động lâm sàng: Se khít lỗ chân lông, cải thiện kết cấu da mịn màng và kiềm dầu suốt 8 giờ nhờ phức hợp Fluidactiv độc quyền.",1,Cao (Tương thích sinh học)
39,SKINCEUTICALS_DISCOLORATION_DEFENSE,Serum Điều Trị Sắc Tố & Mờ Đốm Nâu SkinCeuticals Discoloration Defense,SkinCeuticals,Mỹ / Pháp,Serum,Anti-Pigmentation Serum,Prestige/Luxury,2450000,2850000,2.650.000 VNĐ (30ml),Tranexamic Acid (3.0%); Kojic Acid (1.0%); Niacinamide (Vitamin B3) (5.0%); Sulfonic Acid (HEPES) (5.0%),brand_official,https://www.skinceuticals.com/skincare/facial-serums/discoloration-defense/S33.html,Được chứng minh lâm sàng giúp giảm 60% tình trạng thâm nám cứng đầu và 81% vết thâm sau mụn (PIH) sau 12 tuần sử dụng.,[ingredient-level] Phối hợp 3% Tranexamic Acid + 1% Kojic Acid + 5% Niacinamide tác động đa cơ chế ức chế tổng hợp melanin và giảm thâm sạm. (DOI: 10.1080/14764170600717704),1,2026-08-19,High,"Ingredient-level verified citations (3% TXA, 1% Kojic, 5% B3) + Brand 12-Week Double-blind Clinical Trial",Low,Medium,Hệ nền: Anti-Pigmentation Serum | Hoạt chất chính: Tranexamic Acid (3.0%); Kojic Acid (1.0%); Niacinamide (Vitamin B3) (5.0%); Sulfonic Acid (HEPES) (5.0%),Tác động lâm sàng: Được chứng minh lâm sàng giúp giảm 60% tình trạng thâm nám cứng đầu và 81% vết thâm sau mụn (PIH) sau 12 tuần sử dụng.,1,Cao (Tương thích sinh học)
40,DR_DENNIS_GROSS_ALPHA_BETA_PEEL,Miếng Tẩy Tế Bào Chết Hóa Học 2 Bước Dr. Dennis Gross Alpha Beta Extra Strength Daily Peel,Dr. Dennis Gross Skincare,Mỹ,Mask & Exfoliant,Two-Step Daily Chemical Peel,Prestige/Luxury,2100000,2500000,2.350.000 VNĐ (30 treatments),"Step 1: 7-Acid AHA/BHA Exfoliating Complex (Glycolic, Lactic, Salicylic, Mandelic, Malic, Citric, Tartaric) (UNKNOWN); Step 2: Neutralizing & Anti-Aging Blend (Resveratrol, Retinol, Ascorbic Acid, CoQ10) (UNKNOWN)",brand_official,https://drdennisgross.com/products/alpha-beta-extra-strength-daily-peel,"Liệu trình peel 2 bước chuẩn phòng khám giúp thu nhỏ lỗ chân lông, làm phẳng nếp nhăn và kích thích tái sinh collagen ngay sau 1 lần dùng.",,2,2026-08-19,Medium,Brand Consumer Perception & Dermatological Safety Evaluation,High,Low,"Hệ nền: Two-Step Daily Chemical Peel | Hoạt chất chính: Step 1: 7-Acid AHA/BHA Exfoliating Complex (Glycolic, Lactic, Salicylic, Mandelic, Malic, Citric, Tartaric) (UNKNOWN); Step 2: Neutralizing & Anti-Aging Blend (Resveratrol, Retinol, Ascorbic Acid, CoQ10) (UNKNOWN)","Tác động lâm sàng: Liệu trình peel 2 bước chuẩn phòng khám giúp thu nhỏ lỗ chân lông, làm phẳng nếp nhăn và kích thích tái sinh collagen ngay sau 1 lần dùng.",1,Cao (Tương thích sinh học)
41,CLINIQUE_ALL_ABOUT_EYES_RICH,Kem Dưỡng Mắt Giảm Bọng & Quầng Thâm Clinique All About Eyes Rich,Clinique (Estée Lauder Companies),Mỹ,Eye Care,Eye Cream,Prestige/Luxury,1050000,1250000,1.150.000 VNĐ (15ml),Caffeine (UNKNOWN); Phytosphingosine & Sodium Hyaluronate (UNKNOWN); Camellia Sinensis (Green Tea) Leaf Extract (UNKNOWN); Butyrospermum Parkii (Shea Butter) (UNKNOWN),brand_official,https://www.clinique.com/product/1683/4785/skincare/eye-care/all-about-eyes-richtm,"Dưỡng ẩm chuyên sâu cho vùng da mắt mỏng manh, giảm rõ rệt quầng thâm, bọng mắt và củng cố màng bảo vệ chống kích ứng.",,2,2026-08-19,Medium,Ophthalmologist Tested / Clinical Eye Area Tolerance Testing,Low,High,Hệ nền: Eye Cream | Hoạt chất chính: Caffeine (UNKNOWN); Phytosphingosine & Sodium Hyaluronate (UNKNOWN); Camellia Sinensis (Green Tea) Leaf Extract (UNKNOWN); Butyrospermum Parkii (Shea Butter) (UNKNOWN),"Tác động lâm sàng: Dưỡng ẩm chuyên sâu cho vùng da mắt mỏng manh, giảm rõ rệt quầng thâm, bọng mắt và củng cố màng bảo vệ chống kích ứng.",1,Cao (Tương thích sinh học)
42,PANOXYL_ACNE_FOAMING_WASH_10PCT,Sữa Rửa Mặt Trị Mụn Chuyên Sâu PanOxyl Acne Foaming Wash 10% Benzoyl Peroxide,PanOxyl (Crown Laboratories),Mỹ,Cleanser,Benzoyl Peroxide Acne Wash,Mass/Drugstore,285000,350000,320.000 VNĐ (156g),Benzoyl Peroxide (10.0% w/w),smpc_fda_label,https://panoxyl.com/acne-products/acne-foaming-wash-10-percent-benzoyl-peroxide/,"Sữa rửa mặt chứa 10% Benzoyl Peroxide nồng độ tối đa không kê đơn, tiêu diệt hơn 99% vi khuẩn gây mụn trên mặt và cơ thể trong 15 giây.",[ingredient-level] Benzoyl Peroxide 10% giải phóng oxy nguyên tử diệt khuẩn C. acnes nhanh chóng trong dạng sữa rửa mặt lưu trên da ngắn theo hướng dẫn điều trị mụn của AAD. (DOI: 10.1016/j.jaad.2015.12.037),1,2026-08-19,High,Ingredient-level Level 1A evidence (AAD Guidelines 2016) + FDA OTC Drug Monograph NDC 0145-2614-05,High,Low,Hệ nền: Benzoyl Peroxide Acne Wash | Hoạt chất chính: Benzoyl Peroxide (10.0% w/w),"Tác động lâm sàng: Sữa rửa mặt chứa 10% Benzoyl Peroxide nồng độ tối đa không kê đơn, tiêu diệt hơn 99% vi khuẩn gây mụn trên mặt và cơ thể trong 15 giây.",1,Cao (Tương thích sinh học)
43,THE_ORDINARY_AHA_30PCT_BHA_2PCT_PEELING,Dung Dịch Tẩy Tế Bào Chết Chuyên Sâu The Ordinary AHA 30% + BHA 2% Peeling Solution,The Ordinary (DECIEM),Canada,Mask & Exfoliant,Wash-Off Chemical Peel,Mass/Drugstore,250000,310000,280.000 VNĐ (30ml),"AHA Blend (Glycolic, Lactic, Tartaric, Citric Acids) (30.0%); Salicylic Acid (BHA) (2.0%); Tasmannia Lanceolata Fruit/Leaf Extract (UNKNOWN); Sodium Hyaluronate Crosspolymer & Panthenol (UNKNOWN)",brand_official,https://theordinary.com/en-us/aha-30-bha-2-peeling-solution-100400.html,"Liệu pháp peel da 10 phút tại nhà với 30% AHA và 2% BHA (pH ~3.6) làm sáng đều màu da, thông thoáng lỗ chân lông và làm mịn bề mặt thô ráp.","[ingredient-level] Hỗn hợp nồng độ cao 30% AHA và 2% BHA bạt sừng sâu bề mặt biểu bì, giải phóng bít tắc cổ nang lông và cải thiện kết cấu da. (DOI: 10.3390/molecules23040863)",1,2026-08-19,High,Ingredient-level Molecules 2018 evidence (AHA desmolytic mechanisms) + Brand Verified 30% AHA / 2% BHA Formula,High,Low,"Hệ nền: Wash-Off Chemical Peel | Hoạt chất chính: AHA Blend (Glycolic, Lactic, Tartaric, Citric Acids) (30.0%); Salicylic Acid (BHA) (2.0%); Tasmannia Lanceolata Fruit/Leaf Extract (UNKNOWN); Sodium Hyaluronate Crosspolymer & Panthenol (UNKNOWN)","Tác động lâm sàng: Liệu pháp peel da 10 phút tại nhà với 30% AHA và 2% BHA (pH ~3.6) làm sáng đều màu da, thông thoáng lỗ chân lông và làm mịn bề mặt thô ráp.",1,Cao (Tương thích sinh học)
44,MELANO_CC_INTENSIVE_ANTI_SPOT_ESSENCE,Tinh Chất Trắng Da & Mờ Thâm Mụn Rohto Melano CC Intensive Anti-Spot Essence,Melano CC (Rohto Pharmaceutical),Nhật Bản,Serum,Spot Essence,Mass/Drugstore,215000,270000,240.000 VNĐ (20ml),Ascorbic Acid (Pure L-Ascorbic Acid) (UNKNOWN); Tocopheryl Acetate (Vitamin E Derivative) (UNKNOWN); Dipotassium Glycyrrhizate (Licorice extract active) (UNKNOWN); Isopropylmethylphenol (O-Cymen-5-Ol antibacterial active) (UNKNOWN),brand_official,https://rohto.com.vn/san-pham/melano-cc-whitening-essence/,"Công nghệ màng nhôm ngăn chặn hoàn toàn oxy hóa Vitamin C nguyên chất, thẩm thấu sâu làm mờ vết thâm mụn và đốm nâu sau 2-3 tuần.",,2,2026-08-19,Medium,Manufacturer Patented Oxygen-Free Aluminum Nozzle Delivery & In Vivo Spot Efficacy Assay,Low,Low,Hệ nền: Spot Essence | Hoạt chất chính: Ascorbic Acid (Pure L-Ascorbic Acid) (UNKNOWN); Tocopheryl Acetate (Vitamin E Derivative) (UNKNOWN); Dipotassium Glycyrrhizate (Licorice extract active) (UNKNOWN); Isopropylmethylphenol (O-Cymen-5-Ol antibacterial active) (UNKNOWN),"Tác động lâm sàng: Công nghệ màng nhôm ngăn chặn hoàn toàn oxy hóa Vitamin C nguyên chất, thẩm thấu sâu làm mờ vết thâm mụn và đốm nâu sau 2-3 tuần.",1,Cao (Tương thích sinh học)
45,DUAC_GEL_CLINDAMYCIN_BPO,Gel Trị Mụn Phối Hợp Kháng Sinh Duac Gel (Clindamycin 1% + Benzoyl Peroxide 5%),Stiefel Laboratories (GSK),Mỹ / Anh,Treatment,Prescription Combination Acne Gel,Prescription/Rx,350000,420000,390.000 VNĐ (15g),Benzoyl Peroxide (5.0% w/w); Clindamycin Phosphate (1.0% w/w),smpc_fda_label,https://www.accessdata.fda.gov/drugsatfda_docs/label/2012/050741s016lbl.pdf,"Gel bôi kê đơn phối hợp 1% Clindamycin và 5% Benzoyl Peroxide giúp diệt khuẩn C. acnes, giảm sưng viêm nhanh chóng và ngăn ngừa kháng kháng sinh.",[product-level] Phối hợp liều cố định Clindamycin 1% và Benzoyl Peroxide 5% vừa tăng hiệu quả diệt khuẩn C. acnes vừa ngăn chặn sự xuất hiện của các chủng vi khuẩn đề kháng kháng sinh theo hướng dẫn AAD. (DOI: 10.1016/j.jaad.2015.12.037),1,2026-08-19,High,Product-level Level 1A evidence (AAD Acne Guidelines 2016) + FDA NDA 050741 Approved,High,Low,Hệ nền: Prescription Combination Acne Gel | Hoạt chất chính: Benzoyl Peroxide (5.0% w/w); Clindamycin Phosphate (1.0% w/w),"Tác động lâm sàng: Gel bôi kê đơn phối hợp 1% Clindamycin và 5% Benzoyl Peroxide giúp diệt khuẩn C. acnes, giảm sưng viêm nhanh chóng và ngăn ngừa kháng kháng sinh.",0,Cao (Tương thích sinh học)
46,METROCREAM_METRONIDAZOLE_075,Kem Điều Trị Trứng Cá Đỏ MetroCream 0.75% (Metronidazole 0.75%),Galderma Laboratories,Pháp / Mỹ,Treatment,Prescription Rosacea Cream,Prescription/Rx,290000,360000,320.000 VNĐ (45g),Metronidazole (0.75% w/w),smpc_fda_label,https://www.accessdata.fda.gov/drugsatfda_docs/label/2003/20531_metrocream_lbl.pdf,"Thuốc bôi kê đơn dạng kem chứa 0.75% Metronidazole làm giảm các sẩn viêm, mụn mủ và ban đỏ trong bệnh trứng cá đỏ (rosacea).","[product-level] Metronidazole 0.75% bôi ngoài giúp giảm đáng kể số lượng sẩn viêm, mụn mủ và ban đỏ trong điều trị bệnh trứng cá đỏ (rosacea). (DOI: 10.1001/archderm.139.11.1444)",1,2026-08-19,High,Product-level Level 1A Multicenter RCT (Arch Dermatol 2003) + FDA NDA 020531 Approved,Low,Medium,Hệ nền: Prescription Rosacea Cream | Hoạt chất chính: Metronidazole (0.75% w/w),"Tác động lâm sàng: Thuốc bôi kê đơn dạng kem chứa 0.75% Metronidazole làm giảm các sẩn viêm, mụn mủ và ban đỏ trong bệnh trứng cá đỏ (rosacea).",1,Cao (Tương thích sinh học)
47,FINACEA_FOAM_AZELAIC_15PCT,Bọt Điều Trị Trứng Cá Đỏ & Mụn Trứng Cá Finacea Foam 15% Azelaic Acid,LEO Pharma / Bayer,Đức / Đan Mạch / Mỹ,Treatment,Prescription Rosacea Foam,Prescription/Rx,1150000,1380000,1.250.000 VNĐ (50g),Azelaic Acid (15.0% w/w),smpc_fda_label,https://www.accessdata.fda.gov/drugsatfda_docs/label/2015/207071s000lbl.pdf,"Dạng bọt siêu mịn thấm nhanh, không bết dính giúp làm dịu sẩn viêm, giảm mẩn đỏ và kiểm soát triệu chứng rosacea mức độ vừa.","[product-level] Bọt bôi ngoài Azelaic Acid 15% ức chế biểu hiện thụ thể Toll-like receptor 2 (TLR2), men kallikrein-5 và peptide kháng khuẩn cathelicidin trong bệnh rosacea. (DOI: 10.1016/j.jaad.2013.05.019)",1,2026-08-19,High,"Product-level Level 1A Phase 3 Multicenter RCTs (Cutis 2015, JAAD 2013) + FDA NDA 207071 Approved",Medium,Medium,Hệ nền: Prescription Rosacea Foam | Hoạt chất chính: Azelaic Acid (15.0% w/w),"Tác động lâm sàng: Dạng bọt siêu mịn thấm nhanh, không bết dính giúp làm dịu sẩn viêm, giảm mẩn đỏ và kiểm soát triệu chứng rosacea mức độ vừa.",1,Cao (Tương thích sinh học)
48,SKINCEUTICALS_TRIPLE_LIPID_242,Kem Dưỡng Phục Hồi Màng Lipid Tỷ Lệ Vàng SkinCeuticals Triple Lipid Restore 2:4:2,SkinCeuticals,Mỹ / Pháp,Moisturizer,Lipid Restoration Cream,Prestige/Luxury,3550000,4100000,3.850.000 VNĐ (48ml),Natural Cholesterol (4.0%); Pure Ceramides 1 & 3 (Ceramide EOP & Ceramide NP) (2.0%); Essential Fatty Acids (Sunflower Seed Unsaponifiables) (2.0%),brand_official,https://www.skinceuticals.com/skincare/facial-moisturizers/triple-lipid-restore-2-4-2/S58.html,"Phục hồi hàng rào bảo vệ da, tăng 66% độ mịn màng, 35% độ săn chắc và rút ngắn thời gian thích ứng với Retinoid nhờ tỷ lệ lipid tối ưu 2:4:2.",[product-level] Tỷ lệ lipid sinh lý tối ưu 2:4:2 (Ceramides : Cholesterol : Fatty acids) giúp đẩy nhanh tốc độ phục hồi màng lipid biểu bì và giảm kích ứng do retinoid. (DOI: 10.1016/s0022-202x(15)42767-4),1,2026-08-19,High,Product-level Level 1A J Invest Dermatol 1996 Ratio Evidence + Brand 8-Week Multi-Center Clinical Efficacy Study,Low,High,Hệ nền: Lipid Restoration Cream | Hoạt chất chính: Natural Cholesterol (4.0%); Pure Ceramides 1 & 3 (Ceramide EOP & Ceramide NP) (2.0%); Essential Fatty Acids (Sunflower Seed Unsaponifiables) (2.0%),"Tác động lâm sàng: Phục hồi hàng rào bảo vệ da, tăng 66% độ mịn màng, 35% độ săn chắc và rút ngắn thời gian thích ứng với Retinoid nhờ tỷ lệ lipid tối ưu 2:4:2.",1,Cao (Tương thích sinh học)
49,CLINIQUE_TAKE_THE_DAY_OFF_BALM,Sáp Tẩy Trang Sạch Sâu & Dịu Nhẹ Clinique Take The Day Off Cleansing Balm,Clinique (Estée Lauder Companies),Mỹ / Nhật Bản,Cleanser,Cleansing Balm,Prestige/Luxury,920000,1150000,1.050.000 VNĐ (125ml),Carthamus Tinctorius (Safflower) Seed Oil (Linoleic Acid Rich) (UNKNOWN); Caprylic/Capric Triglyceride & Ethylhexyl Palmitate Emollient Esters (UNKNOWN); Tocopherol (Vitamin E) (UNKNOWN),brand_official,https://www.clinique.com/product/1673/6424/skincare/cleansers-makeup-removers/take-the-day-off-cleansing-balm,"Sáp tẩy trang số 1 chuyển hóa từ dạng sáp sang dầu mềm mịn, hòa tan nhanh chóng lớp trang điểm chống nước, kem chống nắng và bụi bẩn mà không làm khô căng da.",,2,2026-08-19,Medium,Ophthalmologist Tested / 100% Fragrance Free Clinical Tolerance Assay,Low,High,Hệ nền: Cleansing Balm | Hoạt chất chính: Carthamus Tinctorius (Safflower) Seed Oil (Linoleic Acid Rich) (UNKNOWN); Caprylic/Capric Triglyceride & Ethylhexyl Palmitate Emollient Esters (UNKNOWN); Tocopherol (Vitamin E) (UNKNOWN),"Tác động lâm sàng: Sáp tẩy trang số 1 chuyển hóa từ dạng sáp sang dầu mềm mịn, hòa tan nhanh chóng lớp trang điểm chống nước, kem chống nắng và bụi bẩn mà không làm khô căng da.",1,Cao (Tương thích sinh học)
50,BIOLOGIQUE_RECHERCHE_LOTION_P50,Dung Dịch Tái Tạo Biểu Bì Kinh Điển Biologique Recherche Lotion P50,Biologique Recherche,Pháp,Mask & Exfoliant,Multi-Acid Exfoliating Toner,Prestige/Luxury,2850000,3350000,3.100.000 VNĐ (150ml),Gluconolactone (PHA) & Lactic / Malic / Citric Acids (AHA) (UNKNOWN); Salicylic Acid (BHA) & Phytic Acid (UNKNOWN); Sulfur & Vinegar (Acetum) (UNKNOWN); Niacinamide & Horseradish / Burdock Extracts (UNKNOWN),brand_official,https://www.biologique-recherche.com/,"Biểu tượng tái tạo biểu bì qua 50 ngày, điều hòa độ pH sinh lý, thanh lọc bã nhờn và kích thích đổi mới tế bào da.",,2,2026-08-19,Medium,Professional Aesthetic Spa Protocol & In-Clinic Keratolytic Efficacy,High,Low,Hệ nền: Multi-Acid Exfoliating Toner | Hoạt chất chính: Gluconolactone (PHA) & Lactic / Malic / Citric Acids (AHA) (UNKNOWN); Salicylic Acid (BHA) & Phytic Acid (UNKNOWN); Sulfur & Vinegar (Acetum) (UNKNOWN); Niacinamide & Horseradish / Burdock Extracts (UNKNOWN),"Tác động lâm sàng: Biểu tượng tái tạo biểu bì qua 50 ngày, điều hòa độ pH sinh lý, thanh lọc bã nhờn và kích thích đổi mới tế bào da.",1,Cao (Tương thích sinh học)
51,SVR_SEBIACLEAR_ACTIVE_GEL,Gel Giảm Mụn Chuyên Sâu & Mờ Vết Thâm SVR Sebiaclear Active Gel,Laboratoires SVR,Pháp,Treatment,Anti-Acne Gel,Dermocosmetic,375000,450000,420.000 VNĐ (40ml),Gluconolactone (PHA) (14.0%); Niacinamide (Vitamin B3) (4.0%); Salicylic Acid (BHA) (0.5%),brand_official,https://vn.svr.com/products/sebiaclear-active-gel,"14% Gluconolactone kết hợp 4% Niacinamide giúp giảm mụn viêm, mụn đầu đen và mờ vết thâm rõ rệt chỉ sau 7 ngày mà không làm khô rát da.",[ingredient-level] Gluconolactone 14% kết hợp Niacinamide 4% có hiệu quả giảm mụn viêm và điều tiết bã nhờn tương đương Benzoyl Peroxide nhưng ít kích ứng hơn. (DOI: 10.1080/14764170600717704),1,2026-08-19,High,Ingredient-level Level 1B RCT Efficacy (14% PHA + 4% B3) + Brand 7-Day In Vivo Clinical Test,Medium,Medium,Hệ nền: Anti-Acne Gel | Hoạt chất chính: Gluconolactone (PHA) (14.0%); Niacinamide (Vitamin B3) (4.0%); Salicylic Acid (BHA) (0.5%),"Tác động lâm sàng: 14% Gluconolactone kết hợp 4% Niacinamide giúp giảm mụn viêm, mụn đầu đen và mờ vết thâm rõ rệt chỉ sau 7 ngày mà không làm khô rát da.",0,Cao (Tương thích sinh học)
52,AVENE_TOLERANCE_CONTROL_CREAM,Kem Dưỡng Làm Dịu & Phục Hồi Cấp Tốc Avène Tolérance Control Soothing Skin Recovery Cream,Eau Thermale Avène,Pháp,Moisturizer,Sterile Soothing Cream,Dermocosmetic,650000,780000,720.000 VNĐ (40ml),D-Sensinose™ (Patented Postbiotic Active from Avène Thermal Spring Water) (UNKNOWN); Avène Thermal Spring Water (UNKNOWN); Plant Squalane & Natural Beeswax (UNKNOWN),brand_official,https://www.eau-thermale-avene.fr/,"Làm dịu cảm giác châm chích, nóng rát chỉ sau 30 giây, phục hồi hàng rào bảo vệ da trong 48 giờ với công nghệ vô trùng Sterile Cosmetics 0% chất bảo quản.",,2,2026-08-19,Medium,Sterile Cosmetics Hermetic Packaging Clinical Assessment & In Vivo Calming Test,Low,High,Hệ nền: Sterile Soothing Cream | Hoạt chất chính: D-Sensinose™ (Patented Postbiotic Active from Avène Thermal Spring Water) (UNKNOWN); Avène Thermal Spring Water (UNKNOWN); Plant Squalane & Natural Beeswax (UNKNOWN),"Tác động lâm sàng: Làm dịu cảm giác châm chích, nóng rát chỉ sau 30 giây, phục hồi hàng rào bảo vệ da trong 48 giờ với công nghệ vô trùng Sterile Cosmetics 0% chất bảo quản.",1,Cao (Tương thích sinh học)
53,LA_ROCHE_POSAY_EFFACLAR_DUO_M,Kem Giảm Mụn & Ngừa Thâm Tác Động Hệ Vi Sinh La Roche-Posay Effaclar Duo+M,La Roche-Posay (L'Oréal),Pháp,Treatment,Microbiome Anti-Blemish Cream,Dermocosmetic,435000,520000,485.000 VNĐ (40ml),Phylobioma Active (Punica Granatum Pericarp Extract - Targets C. acnes IA1) (UNKNOWN); Procerad™ (Patented Ceramide Anti-Mark Active) (UNKNOWN); Niacinamide (Vitamin B3) (UNKNOWN); LHA (Capryloyl Salicylic Acid) & Salicylic Acid (UNKNOWN); Zinc PCA (UNKNOWN),brand_official,https://www.laroche-posay.vn/effaclar/effaclar-duo-m-acne-treatment,"Khoa học hệ vi sinh mới nhất nhắm trúng đích chủng vi khuẩn C. acnes phylotype IA1, giảm mụn rõ rệt sau 8 giờ và ngăn ngừa mụn tái phát.",,2,2026-08-19,Medium,"Product-level Microbiome In Vivo Clinical Protocol (600+ subjects, L'Oréal R&I)",Medium,Medium,Hệ nền: Microbiome Anti-Blemish Cream | Hoạt chất chính: Phylobioma Active (Punica Granatum Pericarp Extract - Targets C. acnes IA1) (UNKNOWN); Procerad™ (Patented Ceramide Anti-Mark Active) (UNKNOWN); Niacinamide (Vitamin B3) (UNKNOWN); LHA (Capryloyl Salicylic Acid) & Salicylic Acid (UNKNOWN); Zinc PCA (UNKNOWN),"Tác động lâm sàng: Khoa học hệ vi sinh mới nhất nhắm trúng đích chủng vi khuẩn C. acnes phylotype IA1, giảm mụn rõ rệt sau 8 giờ và ngăn ngừa mụn tái phát.",1,Cao (Tương thích sinh học)
54,ILLIYOON_CERAMIDE_ATO_CONCENTRATE_CREAM,Kem Dưỡng Ẩm Phục Hồi Hạt Vi Nang Illiyoon Ceramide Ato Concentrate Cream,Illiyoon (Amorepacific),Hàn Quốc,Moisturizer,Ceramide Barrier Cream,Mass/Drugstore,280000,350000,320.000 VNĐ (200ml),Ceramide Skin Complex™ (Encapsulated Hydroxypropyl Bispalmitamide MEA) (UNKNOWN); Panax Ginseng Root Water (UNKNOWN); Phytosphingosine & Ceramide NP (UNKNOWN),brand_official,https://www.illiyoon.com/,"Các hạt vi nang Ceramide Skin Complex tan đều trên da, dưỡng ẩm sâu và phục hồi màng bảo vệ da suy yếu sau 3 ngày sử dụng.",,2,2026-08-19,Medium,Dermatologist Tested / Hypoallergenic / Pediatric Safe Evaluation,Low,High,Hệ nền: Ceramide Barrier Cream | Hoạt chất chính: Ceramide Skin Complex™ (Encapsulated Hydroxypropyl Bispalmitamide MEA) (UNKNOWN); Panax Ginseng Root Water (UNKNOWN); Phytosphingosine & Ceramide NP (UNKNOWN),"Tác động lâm sàng: Các hạt vi nang Ceramide Skin Complex tan đều trên da, dưỡng ẩm sâu và phục hồi màng bảo vệ da suy yếu sau 3 ngày sử dụng.",1,Cao (Tương thích sinh học)
55,SIMPLE_REFRESHING_FACIAL_WASH,Gel Rửa Mặt Dịu Nhẹ Lành Tính Cho Da Nhạy Cảm Simple Refreshing Facial Wash,Simple (Unilever),Anh / Ba Lan,Cleanser,Gel Cleanser,Mass/Drugstore,99000,135000,120.000 VNĐ (150ml),Pro-Vitamin B5 (Panthenol) (UNKNOWN); Vitamin E (Tocopheryl Acetate) (UNKNOWN); Triple Purified Water (UNKNOWN),brand_official,https://www.simpleskincare.com/,"100% không chứa xà phòng, nhẹ nhàng làm sạch bã nhờn và tạp chất mà không làm mất đi độ ẩm tự nhiên của làn da nhạy cảm.",,2,2026-08-19,Medium,Dermatologically Tested / Non-comedogenic / Hypoallergenic Certification,Low,High,Hệ nền: Gel Cleanser | Hoạt chất chính: Pro-Vitamin B5 (Panthenol) (UNKNOWN); Vitamin E (Tocopheryl Acetate) (UNKNOWN); Triple Purified Water (UNKNOWN),"Tác động lâm sàng: 100% không chứa xà phòng, nhẹ nhàng làm sạch bã nhờn và tạp chất mà không làm mất đi độ ẩm tự nhiên của làn da nhạy cảm.",0,Cao (Tương thích sinh học)
56,ROHTO_SKIN_AQUA_TONE_UP_UV_ESSENCE,Tinh Chất Chống Nắng Hiệu Chỉnh Sắc Da Sunplay Skin Aqua Tone Up UV Essence SPF50+ PA++++,Sunplay Skin Aqua (Rohto),Nhật Bản / Việt Nam,Sunscreen,Color-Correcting Sunscreen Essence,Mass/Drugstore,165000,205000,185.000 VNĐ (50g),"UV Filter System: Octinoxate, Titanium Dioxide, Uvinul A Plus, Tinosorb S (UNKNOWN); Sodium Hyaluronate & Magnesium Ascorbyl Phosphate (Vitamin C derivative) (UNKNOWN); Passiflora Edulis (Passion Fruit) Extract & Micro-Pearlescent Optical Pigments (UNKNOWN)",brand_official,https://rohto.com.vn/san-pham/sunplay-skin-aqua-tone-up-uv-essence/,"Chống nắng phổ rộng SPF50+ PA++++ kết hợp sắc tím Lavender hiệu chỉnh sắc da vàng xỉn, tạo hiệu ứng 3D trong suốt rạng rỡ.",,2,2026-08-19,Medium,ISO 24444 In Vivo SPF50+ & ISO 24442 In Vivo PA++++ Japanese Standard Testing,Low,Medium,"Hệ nền: Color-Correcting Sunscreen Essence | Hoạt chất chính: UV Filter System: Octinoxate, Titanium Dioxide, Uvinul A Plus, Tinosorb S (UNKNOWN); Sodium Hyaluronate & Magnesium Ascorbyl Phosphate (Vitamin C derivative) (UNKNOWN); Passiflora Edulis (Passion Fruit) Extract & Micro-Pearlescent Optical Pigments (UNKNOWN)","Tác động lâm sàng: Chống nắng phổ rộng SPF50+ PA++++ kết hợp sắc tím Lavender hiệu chỉnh sắc da vàng xỉn, tạo hiệu ứng 3D trong suốt rạng rỡ.",1,Cao (Tương thích sinh học)
57,ACZONE_DAPSONE_5PCT_GEL,Gel Trị Mụn Kháng Viêm Chuyên Sâu Aczone Gel 5% (Dapsone 5%),Allergan / Almirall,Mỹ,Treatment,Prescription Anti-Inflammatory Gel,Prescription/Rx,820000,960000,890.000 VNĐ (60g),Dapsone (5.0% w/w),smpc_fda_label,https://www.accessdata.fda.gov/drugsatfda_docs/label/2013/021794s009lbl.pdf,"Gel bôi kê đơn chứa 5% Dapsone giúp giảm nhanh các sẩn viêm mụn trứng cá, đặc biệt hiệu quả ở phụ nữ trưởng thành và không gây nhạy cảm ánh sáng.","[product-level] Dapsone 5% gel ức chế hóa ứng động bạch cầu đa nhân trung tính và sự sản sinh gốc tự do, giảm sưng viêm mụn hiệu quả cao ở phụ nữ trưởng thành. (DOI: 10.1016/j.jaad.2007.06.045)",1,2026-08-19,High,Product-level Level 1A Double-blind Phase 3 RCT (JAAD 2007) + FDA NDA 021794 Approved,Low,Medium,Hệ nền: Prescription Anti-Inflammatory Gel | Hoạt chất chính: Dapsone (5.0% w/w),"Tác động lâm sàng: Gel bôi kê đơn chứa 5% Dapsone giúp giảm nhanh các sẩn viêm mụn trứng cá, đặc biệt hiệu quả ở phụ nữ trưởng thành và không gây nhạy cảm ánh sáng.",0,Cao (Tương thích sinh học)
58,TAZORAC_TAZAROTENE_01PCT_CREAM,Kem Điều Trị Mụn & Trẻ Hóa Tế Bào Tazorac Cream 0.1% (Tazarotene 0.1%),Allergan Laboratories,Mỹ,Treatment,Prescription Retinoid Cream,Prescription/Rx,580000,720000,650.000 VNĐ (30g),Tazarotene (0.1% w/w),smpc_fda_label,https://www.accessdata.fda.gov/drugsatfda_docs/label/2004/021184s003lbl.pdf,"Retinoid thế hệ 3 acetylenic nồng độ 0.1% gắn chọn lọc cao trên thụ thể RAR-beta/gamma, bình thường hóa sừng hóa nang lông và tái cấu trúc biểu bì.","[product-level] Tazarotene 0.1% cream gắn chọn lọc cao trên thụ thể RAR-beta và RAR-gamma, có hiệu lực bạt sừng và làm tan nhân mụn mạnh hơn adapalene và tretinoin nồng độ thấp. (DOI: 10.1016/j.jaad.2015.12.037)",1,2026-08-19,High,Product-level Level 1A AAD 2016 Guidelines + FDA NDA 021184 Approved,High,Low,Hệ nền: Prescription Retinoid Cream | Hoạt chất chính: Tazarotene (0.1% w/w),"Tác động lâm sàng: Retinoid thế hệ 3 acetylenic nồng độ 0.1% gắn chọn lọc cao trên thụ thể RAR-beta/gamma, bình thường hóa sừng hóa nang lông và tái cấu trúc biểu bì.",1,Cao (Tương thích sinh học)
59,SOOLANTRA_IVERMECTIN_1PCT_CREAM,Kem Điều Trị Trứng Cá Đỏ & Diệt Demodex Soolantra Cream 1% (Ivermectin 1%),Galderma Laboratories,Pháp / Mỹ,Treatment,Prescription Rosacea Cream,Prescription/Rx,520000,640000,580.000 VNĐ (30g),Ivermectin (1.0% w/w),smpc_fda_label,https://www.accessdata.fda.gov/drugsatfda_docs/label/2014/206255lbl.pdf,"Thuốc bôi kê đơn chứa 1% Ivermectin tác động kép diệt ký sinh trùng Demodex và kháng viêm mạnh mẽ, vượt trội hơn Metronidazole trong điều trị Rosacea.",[product-level] Ivermectin 1% cream dùng 1 lần/ngày có hiệu quả giảm sẩn viêm và tỷ lệ tái phát rosacea vượt trội hơn đáng kể so với Metronidazole 0.75% cream dùng 2 lần/ngày. (DOI: 10.1111/bjd.13408),1,2026-08-19,High,Product-level Level 1A Multicenter Investigator-blinded RCT (Br J Dermatol 2015) + FDA NDA 206255 Approved,Low,Medium,Hệ nền: Prescription Rosacea Cream | Hoạt chất chính: Ivermectin (1.0% w/w),"Tác động lâm sàng: Thuốc bôi kê đơn chứa 1% Ivermectin tác động kép diệt ký sinh trùng Demodex và kháng viêm mạnh mẽ, vượt trội hơn Metronidazole trong điều trị Rosacea.",1,Cao (Tương thích sinh học)
60,ESTEE_LAUDER_ADVANCED_NIGHT_REPAIR,Tinh Chất Phục Hồi & Chống Lão Hóa Ban Đêm Estée Lauder Advanced Night Repair Serum Synchronized Multi-Recovery,Estée Lauder,Mỹ,Serum,Repair Serum,Prestige/Luxury,2600000,3100000,2.850.000 VNĐ (50ml),Bifida Ferment Lysate (UNKNOWN); Chronolux™ Power Signal Technology (Tripeptide-32) (UNKNOWN); Sodium Hyaluronate & Squalane (UNKNOWN); Adansonia Digitata (Baobab) Seed Extract (UNKNOWN),brand_official,https://www.esteelauder.com/product/681/74271/product-catalog/skincare/repair-serum/advanced-night-repair/synchronized-multi-recovery-complex,"Công nghệ Chronolux Power Signal độc quyền với Tripeptide-32 kích hoạt quá trình tự phục hồi ban đêm, tăng sinh collagen tự nhiên và cấp ẩm 72 giờ.",,2,2026-08-19,Medium,Brand In Vivo 4-Week Anti-Aging & Barrier Recovery Clinical Panel (543 women),Low,High,Hệ nền: Repair Serum | Hoạt chất chính: Bifida Ferment Lysate (UNKNOWN); Chronolux™ Power Signal Technology (Tripeptide-32) (UNKNOWN); Sodium Hyaluronate & Squalane (UNKNOWN); Adansonia Digitata (Baobab) Seed Extract (UNKNOWN),"Tác động lâm sàng: Công nghệ Chronolux Power Signal độc quyền với Tripeptide-32 kích hoạt quá trình tự phục hồi ban đêm, tăng sinh collagen tự nhiên và cấp ẩm 72 giờ.",1,Cao (Tương thích sinh học)
61,SK_II_FACIAL_TREATMENT_ESSENCE,Nước Thần Lên Men Phục Hồi Da SK-II Facial Treatment Essence (>90% Pitera),SK-II (Procter & Gamble),Nhật Bản,Serum,Fermented Bio-Essence,Prestige/Luxury,3800000,4500000,4.200.000 VNĐ (230ml),"Pitera™ (Galactomyces Ferment Filtrate enriched with 50+ micronutrients) (>90.0%); Organic Acids, Amino Acids, Minerals & Vitamins (Natural Bio-Components)",brand_official,https://www.sk-ii.com/product/essence/facial-treatment-essence,"Chứa hơn 90% Pitera sinh học tự nhiên, nuôi dưỡng và biến đổi làn da trở nên trong suốt như pha lê qua 5 khía cạnh: kết cấu, độ săn chắc, nếp nhăn, đốm nâu và độ sáng.",[product-level] Thử nghiệm lâm sàng đoàn hệ 30 năm trên phụ nữ châu Á chứng minh >90% Pitera (Galactomyces Ferment Filtrate) kích hoạt tổng hợp protein màng tế bào và cải thiện 5 khía cạnh rõ rệt của da. (DOI: 10.1111/ics.12134 / PMID: 24702677),1,2026-08-19,High,Level 1B Longitudinal Clinical Cohort,Low,High,"Hệ nền: Fermented Bio-Essence | Hoạt chất chính: Pitera™ (Galactomyces Ferment Filtrate enriched with 50+ micronutrients) (>90.0%); Organic Acids, Amino Acids, Minerals & Vitamins (Natural Bio-Components)","Tác động lâm sàng: Chứa hơn 90% Pitera sinh học tự nhiên, nuôi dưỡng và biến đổi làn da trở nên trong suốt như pha lê qua 5 khía cạnh: kết cấu, độ săn chắc, nếp nhăn, đốm nâu và độ sáng.",1,Cao (Tương thích sinh học)
62,DRUNK_ELEPHANT_TLC_SUKARI_BABYFACIAL,Mặt Nạ Tẩy Da Chết Chuyên Sâu Drunk Elephant T.L.C. Sukari Babyfacial 25% AHA / 2% BHA,Drunk Elephant (Shiseido),Mỹ,Mask & Exfoliant,Wash-Off Chemical Peel,Prestige/Luxury,1950000,2350000,2.150.000 VNĐ (50ml),"AHA Blend: Glycolic, Tartaric, Lactic, Citric Acids (25.0%); Salicylic Acid (BHA) (2.0%); Virgin Marula Seed Oil (Antioxidant Buffering) (UNKNOWN); Chickpea Flour & Pumpkin Ferment Extract (UNKNOWN)",brand_official,https://www.drunkelephant.com/collections/skincare/t.l.c.-sukari-babyfacial-resurfacing-treatment-9990000000101.html,"Liệu pháp peel da chuẩn clinic với 25% AHA và 2% BHA (pH 3.5) loại bỏ tế bào sừng chết tích tụ, làm sáng da và thu nhỏ lỗ chân lông như da em bé sau 20 phút.","[ingredient-level] Hỗn hợp nồng độ cao 25% AHA và 2% BHA bạt sừng sâu bề mặt biểu bì, giải phóng bít tắc cổ nang lông và cải thiện kết cấu da. (DOI: 10.3390/molecules23040863)",1,2026-08-19,High,Ingredient-level Molecules 2018 Evidence (AHA/BHA synergy) + Brand Verified 25% AHA/2% BHA Formulation,High,Low,"Hệ nền: Wash-Off Chemical Peel | Hoạt chất chính: AHA Blend: Glycolic, Tartaric, Lactic, Citric Acids (25.0%); Salicylic Acid (BHA) (2.0%); Virgin Marula Seed Oil (Antioxidant Buffering) (UNKNOWN); Chickpea Flour & Pumpkin Ferment Extract (UNKNOWN)","Tác động lâm sàng: Liệu pháp peel da chuẩn clinic với 25% AHA và 2% BHA (pH 3.5) loại bỏ tế bào sừng chết tích tụ, làm sáng da và thu nhỏ lỗ chân lông như da em bé sau 20 phút.",1,Cao (Tương thích sinh học)
63,EUCERIN_SPOTLESS_BRIGHTENING_BOOSTER_SERUM,Tinh Chất Mờ Thâm Nám Đột Phá Eucerin Spotless Brightening Booster Serum (Thiamidol),Eucerin (Beiersdorf),Đức,Serum,Anti-Pigmentation Serum,Dermocosmetic,1200000,1450000,1.350.000 VNĐ (30ml),Thiamidol® (Isobutylamido Thiazolyl Resorcinol - Beiersdorf Patented) (UNKNOWN); Concentrated Hyaluronic Acid (Short & Long Chain) (UNKNOWN); Licorice Root Extract (Licochalcone A) & Vitamin C (SAP) (UNKNOWN),brand_official,https://www.eucerin.vn/san-pham/spotless-brightening/booster-serum,"Hoạt chất Thiamidol độc quyền ức chế enzyme Tyrosinase tận gốc, giảm thâm nám sâu và đốm nâu đến 75% chỉ sau 2 tuần mà không gây mất sắc tố vĩnh viễn.","[product-level] Thiamidol (Isobutylamido Thiazolyl Resorcinol) là chất ức chế tyrosinase người mạnh mẽ và an toàn, làm mờ hiệu quả thâm sau mụn PIH và nám má trong các thử nghiệm mù đôi có đối chứng. (DOI: 10.1111/ics.12694)",2,2026-08-19,Medium,Product-level Level 1B RCT Efficacy (Int J Cosmet Sci 2021) + Beiersdorf 10-Year Screening Assay,Low,Medium,Hệ nền: Anti-Pigmentation Serum | Hoạt chất chính: Thiamidol® (Isobutylamido Thiazolyl Resorcinol - Beiersdorf Patented) (UNKNOWN); Concentrated Hyaluronic Acid (Short & Long Chain) (UNKNOWN); Licorice Root Extract (Licochalcone A) & Vitamin C (SAP) (UNKNOWN),"Tác động lâm sàng: Hoạt chất Thiamidol độc quyền ức chế enzyme Tyrosinase tận gốc, giảm thâm nám sâu và đốm nâu đến 75% chỉ sau 2 tuần mà không gây mất sắc tố vĩnh viễn.",1,Cao (Tương thích sinh học)
64,OBAGI_CLENZIDERM_MD_PORE_THERAPY_2PCT_BHA,Dung Dịch BHA Làm Sạch Sâu & Giảm Mụn Obagi Clenziderm M.D. Pore Therapy 2% Salicylic Acid,Obagi Medical,Mỹ,Mask & Exfoliant,Salicylic Acid Liquid Exfoliant,Dermocosmetic,850000,1050000,960.000 VNĐ (148ml),Salicylic Acid USP (BHA) (2.0% w/w); Menthol & Menthoxypropanediol Cooling Blend (UNKNOWN),brand_official,https://www.obagi.com/products/clenziderm-m-d-pore-therapy,"Chứa 2% Salicylic Acid chuẩn Dược điển Mỹ (USP) thâm nhập sâu vào lỗ chân lông, làm sạch bã nhờn tắc nghẽn và tiêu diệt vi khuẩn gây mụn.","[ingredient-level] Salicylic Acid 2% hòa tan bã nhờn cổ nang lông, bạt sừng nhân mụn và kháng viêm theo hướng dẫn điều trị mụn trứng cá của AAD. (DOI: 10.1016/j.jaad.2015.12.037)",1,2026-08-19,High,Ingredient-level Level 1A AAD Guidelines 2016 + FDA OTC Acne Monograph NDC 62032-117-36,High,Low,Hệ nền: Salicylic Acid Liquid Exfoliant | Hoạt chất chính: Salicylic Acid USP (BHA) (2.0% w/w); Menthol & Menthoxypropanediol Cooling Blend (UNKNOWN),"Tác động lâm sàng: Chứa 2% Salicylic Acid chuẩn Dược điển Mỹ (USP) thâm nhập sâu vào lỗ chân lông, làm sạch bã nhờn tắc nghẽn và tiêu diệt vi khuẩn gây mụn.",1,Cao (Tương thích sinh học)
65,VICHY_MINERAL_89_BOOSTER,Dưỡng Chất Khoáng Núi Lửa Cô Đặc Củng Cố Hàng Rào Da Vichy Minéral 89 Daily Booster,Vichy (L'Oréal),Pháp,Serum,Hydrating Booster Serum,Dermocosmetic,850000,1050000,985.000 VNĐ (50ml),Vichy Volcanic Mineralizing Water (Concentrated with 15 Essential Minerals) (89.0%); High Molecular Weight Sodium Hyaluronate (Naturally Derived) (0.4%),brand_official,https://www.vichy.com.vn/san-pham/cham-soc-da/tinh-chat-khoang-phuc-hoi-chuyen-sau-vichy-mineral-89-50ml,"Chứa 89% nước khoáng núi lửa Pháp giàu 15 khoáng chất quý hiếm kết hợp Hyaluronic Acid, giúp củng cố hàng rào bảo vệ da và cấp ẩm căng mọng chỉ sau 7 ngày.",[product-level] Thử nghiệm lâm sàng In Vivo trên 52 phụ nữ da nhạy cảm chứng minh 89% nước khoáng núi lửa Pháp + Hyaluronic Acid củng cố hàng rào bảo vệ và giảm mất nước qua biểu bì (TEWL) sau 7 ngày. (DOI: 10.1111/dth.13123 / PMID: 31730248),1,2026-08-19,High,Level 1B In Vivo Clinical Assay,Low,High,Hệ nền: Hydrating Booster Serum | Hoạt chất chính: Vichy Volcanic Mineralizing Water (Concentrated with 15 Essential Minerals) (89.0%); High Molecular Weight Sodium Hyaluronate (Naturally Derived) (0.4%),"Tác động lâm sàng: Chứa 89% nước khoáng núi lửa Pháp giàu 15 khoáng chất quý hiếm kết hợp Hyaluronic Acid, giúp củng cố hàng rào bảo vệ da và cấp ẩm căng mọng chỉ sau 7 ngày.",1,Cao (Tương thích sinh học)
66,COSRX_ADVANCED_SNAIL_96_MUCIN_POWER_ESSENCE,Tinh Chất Dịch Nhầy Ốc Sên Phục Hồi Da COSRX Advanced Snail 96 Mucin Power Essence,COSRX,Hàn Quốc,Serum,Repair Essence,Mass/Drugstore,290000,380000,340.000 VNĐ (100ml),Snail Secretion Filtrate (96.3%); Sodium Hyaluronate & Panthenol (Pro-Vitamin B5) (UNKNOWN); Allantoin & Betaine (UNKNOWN),brand_official,https://www.cosrx.com/products/advanced-snail-96-mucin-power-essence,"Chứa 96.3% dịch nhầy ốc sên nguyên chất, cấp ẩm sâu, làm dịu kích ứng và phục hồi độ đàn hồi cho làn da tổn thương.",[ingredient-level] Nghiên cứu dược lý lâm sàng chứng minh dịch chiết ốc sên 96.3% (Snail Secretion Filtrate) giàu Glycosaminoglycans và Allantoin thúc đẩy tái sinh tế bào sừng và làm dịu viêm da tiếp xúc. (DOI: 10.1111/jocd.13038 / PMID: 31317652),1,2026-08-19,High,Level 1B Verified In Vivo Dermatological Assay,Low,High,Hệ nền: Repair Essence | Hoạt chất chính: Snail Secretion Filtrate (96.3%); Sodium Hyaluronate & Panthenol (Pro-Vitamin B5) (UNKNOWN); Allantoin & Betaine (UNKNOWN),"Tác động lâm sàng: Chứa 96.3% dịch nhầy ốc sên nguyên chất, cấp ẩm sâu, làm dịu kích ứng và phục hồi độ đàn hồi cho làn da tổn thương.",1,Cao (Tương thích sinh học)
67,HADA_LABO_GOKUJUN_PREMIUM_LOTION,Dung Dịch Dưỡng Ẩm Chuyên Sâu 7 Loại HA Hada Labo Gokujun Premium Lotion,Hada Labo (Rohto Pharmaceutical),Nhật Bản,Toner,Hydrating Essence Toner,Mass/Drugstore,250000,320000,285.000 VNĐ (170ml),"7-Phase Hyaluronic Acid Complex (Super HA, Nano HA, 3D HA, Fermented HA, etc.) (UNKNOWN); Sakuran (Aphanothece Sacrum Polysaccharide - 5x Water Binding of HA) (UNKNOWN); Hydroxyethyl Urea & Hydrolyzed Collagen (UNKNOWN)",brand_official,https://hadalabo.com.vn/san-pham/dung-dich-duong-am-chuyen-sau-hada-labo-gokujyun-premium-lotion/,Công thức giàu dưỡng chất với phức hợp 7 loại Hyaluronic Acid đa phân tử và chiết xuất tảo Sakuran khóa ẩm sâu suốt 24 giờ cho làn da khô căng.,,2,2026-08-19,Medium,Rohto Research Institute Moisture Permeation & Corneometer Hydration Testing,Low,High,"Hệ nền: Hydrating Essence Toner | Hoạt chất chính: 7-Phase Hyaluronic Acid Complex (Super HA, Nano HA, 3D HA, Fermented HA, etc.) (UNKNOWN); Sakuran (Aphanothece Sacrum Polysaccharide - 5x Water Binding of HA) (UNKNOWN); Hydroxyethyl Urea & Hydrolyzed Collagen (UNKNOWN)",Tác động lâm sàng: Công thức giàu dưỡng chất với phức hợp 7 loại Hyaluronic Acid đa phân tử và chiết xuất tảo Sakuran khóa ẩm sâu suốt 24 giờ cho làn da khô căng.,1,Cao (Tương thích sinh học)
68,CETAPHIL_GENTLE_SKIN_CLEANSER_NEW,Sữa Rửa Mặt Dịu Lành Cho Da Nhạy Cảm Cetaphil Gentle Skin Cleanser (Công Thức Mới),Cetaphil (Galderma),Canada / Mỹ,Cleanser,Gentle Cleanser,Mass/Drugstore,350000,430000,395.000 VNĐ (500ml),Niacinamide (Vitamin B3) (UNKNOWN); Panthenol (Pro-Vitamin B5) (UNKNOWN); Glycerin & Sodium Cocoyl Isethionate (UNKNOWN),brand_official,https://www.cetaphil.com.vn/products/cleansers/gentle-skin-cleanser,"Công thức mới bổ sung Niacinamide, Panthenol và Glycerin giúp bảo vệ da chống lại 5 dấu hiệu nhạy cảm: khô, căng, kích ứng, thô ráp và màng ẩm suy yếu.",,2,2026-08-19,Medium,Dermatologist Tested for 5 Signs of Skin Sensitivity (Galderma Clinical Dossier),Low,High,Hệ nền: Gentle Cleanser | Hoạt chất chính: Niacinamide (Vitamin B3) (UNKNOWN); Panthenol (Pro-Vitamin B5) (UNKNOWN); Glycerin & Sodium Cocoyl Isethionate (UNKNOWN),"Tác động lâm sàng: Công thức mới bổ sung Niacinamide, Panthenol và Glycerin giúp bảo vệ da chống lại 5 dấu hiệu nhạy cảm: khô, căng, kích ứng, thô ráp và màng ẩm suy yếu.",1,Cao (Tương thích sinh học)
69,EPIDUO_FORTE_GEL_ADAPALENE_03_BPO_25,Gel Trị Mụn Nồng Độ Cao Epiduo Forte Gel (Adapalene 0.3% + Benzoyl Peroxide 2.5%),Galderma Laboratories,Pháp / Mỹ,Treatment,Prescription Combination Acne Gel,Prescription/Rx,440000,540000,490.000 VNĐ (30g),Adapalene (0.3% w/w); Benzoyl Peroxide (2.5% w/w),smpc_fda_label,https://www.accessdata.fda.gov/drugsatfda_docs/label/2015/207917lbl.pdf,Gel bôi kê đơn nồng độ tăng cường 0.3% Adapalene và 2.5% BPO mang lại hiệu quả tiêu viêm mụn và ngăn ngừa sẹo lõm sau mụn vượt trội.,[product-level] Phối hợp liều cố định Adapalene 0.3% và Benzoyl Peroxide 2.5% có hiệu quả vượt trội trong điều trị mụn trứng cá viêm mức độ nặng và ngăn ngừa hình thành sẹo lõm teo sau mụn. (DOI: 10.1016/j.jaad.2015.12.037),1,2026-08-19,High,Product-level Level 1A Multicenter Phase 3 RCT (J Drugs Dermatol 2015) + FDA NDA 207917 Approved,High,Low,Hệ nền: Prescription Combination Acne Gel | Hoạt chất chính: Adapalene (0.3% w/w); Benzoyl Peroxide (2.5% w/w),Tác động lâm sàng: Gel bôi kê đơn nồng độ tăng cường 0.3% Adapalene và 2.5% BPO mang lại hiệu quả tiêu viêm mụn và ngăn ngừa sẹo lõm sau mụn vượt trội.,0,Cao (Tương thích sinh học)
70,AKLIEF_TRIFAROTENE_0005PCT_CREAM,Kem Điều Trị Mụn Thế Hệ Thứ 4 Aklief Cream 0.005% (Trifarotene 50mcg/g),Galderma Laboratories,Pháp / Mỹ / Canada,Treatment,Prescription Retinoid Cream,Prescription/Rx,720000,850000,780.000 VNĐ (45g),Trifarotene (0.005% w/w (50mcg/g)),smpc_fda_label,https://www.accessdata.fda.gov/drugsatfda_docs/label/2019/211527s000lbl.pdf,"Retinoid thế hệ 4 đầu tiên sau 20 năm được FDA phê duyệt gắn chọn lọc thụ thể RAR-gamma, điều trị hiệu quả mụn ở cả vùng mặt và vùng thân mình (ngực, lưng, vai).","[product-level] Trifarotene 0.005% kem bôi ngoài là retinoid thế hệ 4 gắn chọn lọc cao nhất trên thụ thể RAR-gamma, có hiệu quả vượt trội điều trị mụn ở cả mặt và lưng ngực với độ thanh thải toàn thân nhanh chóng. (DOI: 10.1016/j.jaad.2019.02.044)",1,2026-08-19,High,Product-level Level 1A Multicenter Double-blind Phase 3 RCT (JAAD 2019) + FDA NDA 211527 Approved,Medium,Low,Hệ nền: Prescription Retinoid Cream | Hoạt chất chính: Trifarotene (0.005% w/w (50mcg/g)),"Tác động lâm sàng: Retinoid thế hệ 4 đầu tiên sau 20 năm được FDA phê duyệt gắn chọn lọc thụ thể RAR-gamma, điều trị hiệu quả mụn ở cả vùng mặt và vùng thân mình (ngực, lưng, vai).",1,Cao (Tương thích sinh học)
71,ALTRENO_TRETINOIN_005PCT_LOTION,Sữa Dưỡng Tretinoin Vi Hạt Màng Tổ Ong Altreno Lotion 0.05% (Tretinoin 0.05%),Ortho Dermatologics (Bausch Health),Mỹ,Treatment,Prescription Retinoid Lotion,Prescription/Rx,1350000,1600000,1.450.000 VNĐ (45g),Micronized Tretinoin (0.05% w/w); Sodium Hyaluronate & Soluble Collagen Peptides (UNKNOWN); Glycerin & Mineral Oil Polymeric Mesh Matrix (UNKNOWN),smpc_fda_label,https://www.accessdata.fda.gov/drugsatfda_docs/label/2018/209845s000lbl.pdf,Dạng sữa dưỡng tretinoin 0.05% vi hạt đầu tiên được FDA phê duyệt ứng dụng màng lưới tổ ong polymeric honeycomb kết hợp Hyaluronic Acid và Collagen giúp giảm kích ứng tối đa.,[product-level] Tretinoin 0.05% dạng lotion vi hạt phân tán trong màng lưới polymer dưỡng ẩm mang lại hiệu quả điều trị mụn và nếp nhăn vượt trội với mức kích ứng ban đỏ và bong tróc thấp hơn đáng kể so với dạng kem thông thường. (DOI: 10.36849/JDD.2020.5125),1,2026-08-19,High,Product-level Level 1A Phase 3 Multicenter RCTs (J Drugs Dermatol 2018/2020) + FDA NDA 209845 Approved,Medium,Medium,Hệ nền: Prescription Retinoid Lotion | Hoạt chất chính: Micronized Tretinoin (0.05% w/w); Sodium Hyaluronate & Soluble Collagen Peptides (UNKNOWN); Glycerin & Mineral Oil Polymeric Mesh Matrix (UNKNOWN),Tác động lâm sàng: Dạng sữa dưỡng tretinoin 0.05% vi hạt đầu tiên được FDA phê duyệt ứng dụng màng lưới tổ ong polymeric honeycomb kết hợp Hyaluronic Acid và Collagen giúp giảm kích ứng tối đa.,1,Cao (Tương thích sinh học)
72,SULWHASOO_FIRST_CARE_ACTIVATING_SERUM,Tinh Chất Khởi Nguồn Tái Sinh Da Sulwhasoo First Care Activating Serum (Thế Hệ 6),Sulwhasoo (Amorepacific),Hàn Quốc,Serum,First-Step Activating Serum,Prestige/Luxury,1950000,2450000,2.200.000 VNĐ (60ml),"SULWHASOO MASTER COMPLEX™ (Panax Ginseng Bio-Conversion Extract + JAUM Balancing Complex™) (UNKNOWN); 5 Traditional Korean Herbal Synergistic Extracts (Paeonia, Nelumbo, Polygonatum, Lilium, Rehmannia) (UNKNOWN); Soybean Polypeptide & Fermented Honey (UNKNOWN)",brand_official,https://www.sulwhasoo.com/vn/vi/products/first-care-activating-serum-vi.html,"Sử dụng ngay sau khi rửa mặt giúp củng cố hàng rào bảo vệ da, kích hoạt khả năng phục hồi tự nhiên và tăng cường hấp thu dưỡng chất bước kế tiếp.",,2,2026-08-19,Medium,Brand In Vivo 4-Week Barrier & Transdermal Absorption Clinical Trial,Low,High,"Hệ nền: First-Step Activating Serum | Hoạt chất chính: SULWHASOO MASTER COMPLEX™ (Panax Ginseng Bio-Conversion Extract + JAUM Balancing Complex™) (UNKNOWN); 5 Traditional Korean Herbal Synergistic Extracts (Paeonia, Nelumbo, Polygonatum, Lilium, Rehmannia) (UNKNOWN); Soybean Polypeptide & Fermented Honey (UNKNOWN)","Tác động lâm sàng: Sử dụng ngay sau khi rửa mặt giúp củng cố hàng rào bảo vệ da, kích hoạt khả năng phục hồi tự nhiên và tăng cường hấp thu dưỡng chất bước kế tiếp.",1,Cao (Tương thích sinh học)
73,LA_MER_CRÈME_DE_LA_MER,Kem Dưỡng Tái Sinh Tế Bào Cao Cấp Crème de la Mer,La Mer (Estée Lauder Companies),Mỹ,Moisturizer,Cellular Renewal Cream,Prestige/Luxury,5100000,6200000,5.600.000 VNĐ (30ml),"Miracle Broth™ (Giant Sea Kelp Macrocystis Pyrifera Bio-Ferment) (UNKNOWN); Lime Tea Extract (Citrus Aurantifolia Antioxidant Concentrate) (UNKNOWN); Mineral Oil, Petrolatum & Microcrystalline Wax Occlusive Lipid Matrix (UNKNOWN)",brand_official,https://www.cremedelamer.com/product/5834/12343/moisturizers/creme-de-la-mer/moisturizing-cream,"Năng lượng tái sinh từ Miracle Broth lên men sinh học trong 3-4 tháng kết hợp chiết xuất trà chanh chống oxy hóa, làm dịu đỏ rát và chữa lành làn da khô nhạy cảm.",,2,2026-08-19,Medium,Brand In Vivo Sensory & TEWL Occlusion Evaluation Panel,Low,High,"Hệ nền: Cellular Renewal Cream | Hoạt chất chính: Miracle Broth™ (Giant Sea Kelp Macrocystis Pyrifera Bio-Ferment) (UNKNOWN); Lime Tea Extract (Citrus Aurantifolia Antioxidant Concentrate) (UNKNOWN); Mineral Oil, Petrolatum & Microcrystalline Wax Occlusive Lipid Matrix (UNKNOWN)","Tác động lâm sàng: Năng lượng tái sinh từ Miracle Broth lên men sinh học trong 3-4 tháng kết hợp chiết xuất trà chanh chống oxy hóa, làm dịu đỏ rát và chữa lành làn da khô nhạy cảm.",1,Cao (Tương thích sinh học)
74,SUNDAY_RILEY_GOOD_GENES_LACTIC_ACID,Tinh Chất Tẩy Tế Bào Chết & Tái Tạo Độ Sáng Sunday Riley Good Genes Lactic Acid Treatment,Sunday Riley,Mỹ,Mask & Exfoliant,Lactic Acid Serum Exfoliant,Prestige/Luxury,2200000,2650000,2.450.000 VNĐ (30ml),Purified Grade Lactic Acid (AHA) (UNKNOWN); Glycyrrhiza Glabra (Licorice) Root Extract & Lemongrass Oil (UNKNOWN); Prickly Pear (Opuntia) Cactus & Arnica Soothing Extracts (UNKNOWN); Plant Squalane (UNKNOWN),brand_official,https://sundayriley.com/products/good-genes-lactic-acid-treatment,"Lactic Acid tinh khiết phân tử lớn tẩy tế bào chết nhẹ nhàng, làm đầy nếp nhăn mảnh và làm sáng đều màu da rõ rệt chỉ sau 3 phút.","[ingredient-level] Lactic acid bôi ngoài vừa có tác dụng bạt sừng desmolytic nhẹ nhàng vừa là thành phần giữ ẩm tự nhiên (NMF), tăng tổng hợp ceramide biểu bì. (DOI: 10.3390/molecules23040863)",2,2026-08-19,Medium,Ingredient-level Molecules 2018 Evidence + Brand 3-Minute In Vivo Radiance Profilometry Testing,Medium,Medium,Hệ nền: Lactic Acid Serum Exfoliant | Hoạt chất chính: Purified Grade Lactic Acid (AHA) (UNKNOWN); Glycyrrhiza Glabra (Licorice) Root Extract & Lemongrass Oil (UNKNOWN); Prickly Pear (Opuntia) Cactus & Arnica Soothing Extracts (UNKNOWN); Plant Squalane (UNKNOWN),"Tác động lâm sàng: Lactic Acid tinh khiết phân tử lớn tẩy tế bào chết nhẹ nhàng, làm đầy nếp nhăn mảnh và làm sáng đều màu da rõ rệt chỉ sau 3 phút.",1,Cao (Tương thích sinh học)
75,CETAPHIL_PRO_AD_DERMA_RESTORING_WASH,Sữa Tắm & Rửa Mặt Phục Hồi Da Viêm Cơ Địa Cetaphil PRO AD Derma Restoring Wash,Cetaphil (Galderma),Canada,Cleanser,Eczema Calming Cleanser,Dermocosmetic,440000,540000,495.000 VNĐ (295ml),Filaggrin Breakdown Technology (Sodium PCA + Arginine) (UNKNOWN); Miracare® Lipid Cleansing Technology (Shea Butter + Sunflower Seed Oil) (UNKNOWN); Niacinamide (Vitamin B3) & Allantoin (UNKNOWN),brand_official,https://www.cetaphil.com.vn/products/pro-ad-derma-skin-restoring-wash,"Công nghệ màng ẩm độc quyền chứa phức hợp phân giải Filaggrin và mỡ hạt mỡ bọc màng làm sạch dịu nhẹ, giảm ngứa ngáy và khô rát cho da viêm da cơ địa.",,2,2026-08-19,Medium,National Eczema Association (NEA) Accepted Seal / Pediatric Atopic Dermatitis Protocol,Low,High,Hệ nền: Eczema Calming Cleanser | Hoạt chất chính: Filaggrin Breakdown Technology (Sodium PCA + Arginine) (UNKNOWN); Miracare® Lipid Cleansing Technology (Shea Butter + Sunflower Seed Oil) (UNKNOWN); Niacinamide (Vitamin B3) & Allantoin (UNKNOWN),"Tác động lâm sàng: Công nghệ màng ẩm độc quyền chứa phức hợp phân giải Filaggrin và mỡ hạt mỡ bọc màng làm sạch dịu nhẹ, giảm ngứa ngáy và khô rát cho da viêm da cơ địa.",1,Cao (Tương thích sinh học)
76,DUCRAY_KERACNYL_PP_ANTI_BLEMISH_CREAM,Kem Giảm Mụn Viêm Sưng & Giảm Kích Ứng Thuốc Bôi Ducray Keracnyl PP+ Cream,Ducray (Pierre Fabre),Pháp,Treatment,Anti-Acne Soothing Cream,Dermocosmetic,410000,510000,460.000 VNĐ (30ml),Myrtacine® Bio-Active (Patented Myrtus Communis Leaf Extract - Biofilm Disruptor) (UNKNOWN); Celastrol (Patented Plant Extract from Pierre Fabre Biotechnology) (UNKNOWN); Vitamin PP / Niacinamide (4.0%); Shea Butter & Hydrating Lipid Complex (UNKNOWN),brand_official,https://www.ducray.com/vi-vn/p/kem-giam-mun-viem-va-giam-kich-ung-do-thuoc-tri-mun-ducray-keracnyl-pp-anti-blemish-soothing-cream-3282770141320-379ebecb,Hoạt chất Myrtacine độc quyền phá vỡ màng sinh học biofilm của vi khuẩn C. acnes kết hợp 4% Niacinamide và Celastrol giúp làm dịu sưng đỏ sau 7 ngày và dung nạp tốt với thuốc bôi mụn.,[product-level] Thử nghiệm lâm sàng đối chứng trên 40 đối tượng chứng minh hoạt chất Myrtacine phá vỡ màng sinh học biofilm C. acnes kết hợp 4% Vitamin PP (Niacinamide) và Celastrol giảm rõ rệt sẩn viêm sau 7 ngày. (DOI: 10.1111/jdv.15342 / PMID: 30421832),1,2026-08-19,High,Level 1A In Vivo Biofilm Clinical Trial,Low,High,Hệ nền: Anti-Acne Soothing Cream | Hoạt chất chính: Myrtacine® Bio-Active (Patented Myrtus Communis Leaf Extract - Biofilm Disruptor) (UNKNOWN); Celastrol (Patented Plant Extract from Pierre Fabre Biotechnology) (UNKNOWN); Vitamin PP / Niacinamide (4.0%); Shea Butter & Hydrating Lipid Complex (UNKNOWN),Tác động lâm sàng: Hoạt chất Myrtacine độc quyền phá vỡ màng sinh học biofilm của vi khuẩn C. acnes kết hợp 4% Niacinamide và Celastrol giúp làm dịu sưng đỏ sau 7 ngày và dung nạp tốt với thuốc bôi mụn.,1,Cao (Tương thích sinh học)
77,NEOSTRATA_RESURFACE_GLYCOLIC_RENEWAL_15PCT,Gel Tẩy Tế Bào Chết Tái Tạo Bề Mặt NeoStrata Resurface Glycolic Renewal 15% AHA,NeoStrata (Johnson & Johnson),Mỹ,Mask & Exfoliant,Glycolic Acid Gel Exfoliant,Dermocosmetic,1200000,1450000,1.350.000 VNĐ (100ml),Glycolic Acid (High Purity Free Acid Value) (15.0%); Aqueous-Alcoholic Resurfacing Gel Base (UNKNOWN),brand_official,https://www.neostrata.com/products/glycolic-renewal-smoothing-lotion-plus/F30142X.html,"15% Glycolic Acid nồng độ tự do chuẩn phòng khám giúp bạt sừng dày, cải thiện kết cấu da thô ráp, làm sáng đều màu da và kích thích tái sinh tế bào.","[ingredient-level] Glycolic acid 15% phân giải nhanh chóng các cầu nối desmosome ở lớp sừng, kích thích tăng sinh glycosaminoglycan và collagen ở trung bì. (DOI: 10.3390/molecules23040863)",1,2026-08-19,High,Ingredient-level Molecules 2018 Evidence + Dr. Van Scott & Dr. Yu AHA Landmark Patents,High,Low,Hệ nền: Glycolic Acid Gel Exfoliant | Hoạt chất chính: Glycolic Acid (High Purity Free Acid Value) (15.0%); Aqueous-Alcoholic Resurfacing Gel Base (UNKNOWN),"Tác động lâm sàng: 15% Glycolic Acid nồng độ tự do chuẩn phòng khám giúp bạt sừng dày, cải thiện kết cấu da thô ráp, làm sáng đều màu da và kích thích tái sinh tế bào.",0,Cao (Tương thích sinh học)
78,NEUTROGENA_HYDRO_BOOST_WATER_GEL,Kem Dưỡng Cấp Nước Dạng Gel Neutrogena Hydro Boost Water Gel,Neutrogena (Johnson & Johnson),Mỹ / Pháp,Moisturizer,Oil-Free Water Gel,Mass/Drugstore,310000,390000,360.000 VNĐ (50g),Purified Hyaluronic Acid (Sodium Hyaluronate) (UNKNOWN); Glycerin & Trehalose Moisture Complex (UNKNOWN); Dimethicone Matrix (Oil-Free) (UNKNOWN),brand_official,https://www.neutrogena.com/products/skincare/neutrogena-hydro-boost-water-gel-with-hyaluronic-acid-for-dry-skin/6811047.html,"Chứa Hyaluronic Acid tinh khiết giúp cấp nước liên tục 72 giờ, khóa ẩm không gây nhờn dính và tăng 80% độ ẩm tự nhiên của da ngay tức thì.",,2,2026-08-19,Medium,Dermatologist Tested / Non-Comedogenic & Oil-Free Assay,Low,Medium,Hệ nền: Oil-Free Water Gel | Hoạt chất chính: Purified Hyaluronic Acid (Sodium Hyaluronate) (UNKNOWN); Glycerin & Trehalose Moisture Complex (UNKNOWN); Dimethicone Matrix (Oil-Free) (UNKNOWN),"Tác động lâm sàng: Chứa Hyaluronic Acid tinh khiết giúp cấp nước liên tục 72 giờ, khóa ẩm không gây nhờn dính và tăng 80% độ ẩm tự nhiên của da ngay tức thì.",0,Cao (Tương thích sinh học)
79,BIORE_UV_AQUA_RICH_WATERY_ESSENCE_SPF50,Kem Chống Nắng Màng Nước Siêu Thoáng Biore UV Aqua Rich Watery Essence SPF50+ PA++++,Biore (Kao Corporation),Nhật Bản,Sunscreen,Chemical Sunscreen Essence,Mass/Drugstore,185000,235000,210.000 VNĐ (50g),"UV Filter Matrix: Octinoxate, Uvinul T 150, Tinosorb S, Uvinul A Plus (UNKNOWN); Micro Defense Formula (Micro-capsule UV protection up to 0.2 microns) (UNKNOWN); Sodium Hyaluronate & Royal Jelly Extract (UNKNOWN)",brand_official,https://www.kao.com/jp/products/bioresarasarauv/4901301363183/,"Công nghệ Micro Defense màng nước đầu tiên trên thế giới bao phủ đến từng vi điểm siêu nhỏ của da, chống tia UV phổ rộng SPF50+ PA++++ với cảm giác nhẹ như nước.",,2,2026-08-19,Medium,Kao Global R&D Micro-Capsule UV Sensor Verification & ISO 24444 SPF50+ In Vivo Standard,Medium,Low,"Hệ nền: Chemical Sunscreen Essence | Hoạt chất chính: UV Filter Matrix: Octinoxate, Uvinul T 150, Tinosorb S, Uvinul A Plus (UNKNOWN); Micro Defense Formula (Micro-capsule UV protection up to 0.2 microns) (UNKNOWN); Sodium Hyaluronate & Royal Jelly Extract (UNKNOWN)","Tác động lâm sàng: Công nghệ Micro Defense màng nước đầu tiên trên thế giới bao phủ đến từng vi điểm siêu nhỏ của da, chống tia UV phổ rộng SPF50+ PA++++ với cảm giác nhẹ như nước.",1,Cao (Tương thích sinh học)
80,BEAUTY_OF_JOSEON_RELIEF_SUN_RICE_PROBIOTICS,Kem Chống Nắng Dưỡng Ẩm Chiết Xuất Gạo & Lợi Khuẩn Beauty of Joseon Relief Sun: Rice + Probiotics SPF50+ PA++++,Beauty of Joseon (Goodai Global),Hàn Quốc,Sunscreen,Chemical Sunscreen Cream,Mass/Drugstore,280000,350000,320.000 VNĐ (50ml),"Oryza Sativa (Rice) Bran Extract (30.0%); Grain Fermented Probiotics Complex (Lactobacillus/Rice Ferment, Saccharomyces, Aspergillus) (UNKNOWN); Modern Broad-Spectrum Filter Matrix (Uvinul A Plus, Uvinul T 150, Tinosorb M, Uvasorb HEB) (UNKNOWN); Niacinamide (Vitamin B3) & Adenosine (UNKNOWN)",brand_official,https://beautyofjoseon.com/products/relief-sun-rice-probiotics,"30% chiết xuất cám gạo và phức hợp men vi sinh hạt ngũ cốc kết hợp màng lọc hóa học thế hệ mới bảo vệ quang phổ rộng SPF50+ PA++++, dưỡng ẩm êm dịu không nhờn dính.",[product-level] Kiểm định quang sinh học In Vivo độc lập chuẩn quốc tế ISO 24444 (Korea & Spain) xác thực chỉ số bảo vệ SPF 52.5 ± 5.8 và PA++++ (PPD 16.8). (DOI: 10.3390/cosmetics9040082),1,2026-08-19,High,Level 1A Dual-Laboratory ISO 24444 Standard,Low,High,"Hệ nền: Chemical Sunscreen Cream | Hoạt chất chính: Oryza Sativa (Rice) Bran Extract (30.0%); Grain Fermented Probiotics Complex (Lactobacillus/Rice Ferment, Saccharomyces, Aspergillus) (UNKNOWN); Modern Broad-Spectrum Filter Matrix (Uvinul A Plus, Uvinul T 150, Tinosorb M, Uvasorb HEB) (UNKNOWN); Niacinamide (Vitamin B3) & Adenosine (UNKNOWN)","Tác động lâm sàng: 30% chiết xuất cám gạo và phức hợp men vi sinh hạt ngũ cốc kết hợp màng lọc hóa học thế hệ mới bảo vệ quang phổ rộng SPF50+ PA++++, dưỡng ẩm êm dịu không nhờn dính.",1,Cao (Tương thích sinh học)
